SummitCode,SummitName,Longitude,Latitude,Points
G/CE-001,Cleeve Hill,-2.0059,51.9199,1
G/CE-002,Walton Hill,-2.08582,52.41621,1
G/CE-003,Bredon Hill,-2.06324,52.06073,1
G/CE-004,Bardon Hill,-1.31928,52.71442,1
G/CE-005,Wendover Woods,-0.71117,51.77242,1
G/DC-001,High Willhays,-4.01116,50.6852,4
G/DC-002,Brown Willy,-4.60274,50.59059,1
G/DC-003,Kit Hill,-4.29387,50.51919,1
G/DC-005,Christ Cross,-3.47248,50.83723,1
G/DC-006,Carnmenellis,-5.22932,50.18306,1
G/DC-007,Watch Croft,-5.61347,50.16503,1
G/DC-008,Hensbarrow Downs,-4.81278,50.38308,1
G/LD-001,Scafell Pike,-3.21168,54.45426,10
G/LD-003,Helvellyn,-3.01751,54.527,10
G/LD-004,Skiddaw,-3.14776,54.65139,10
G/LD-005,Great Gable,-3.2193,54.48208,8
G/LD-006,Pillar,-3.28113,54.49748,8
G/LD-007,Fairfield,-2.99165,54.49705,8
G/LD-008,Blencathra - Hallsfell Top,-3.04979,54.63995,8
G/LD-009,Grasmoor,-3.27791,54.57164,8
G/LD-010,St Sunday Crag,-2.97584,54.51194,8
G/LD-011,High Street,-2.86486,54.49169,8
G/LD-012,High Stile,-3.2837,54.52184,8
G/LD-013,The Old Man of Coniston,-3.12145,54.37066,8
G/LD-014,Kirk Fell,-3.24412,54.48332,8
G/LD-015,Grisedale Pike,-3.24207,54.59175,6
G/LD-017,Red Screes,-2.93257,54.47058,6
G/LD-018,Stony Cove Pike,-2.90008,54.48206,6
G/LD-019,High Raise,-3.11127,54.47596,6
G/LD-020,Dale Head,-3.20228,54.52724,6
G/LD-021,Robinson,-3.23508,54.54081,6
G/LD-022,Seat Sandal,-3.01403,54.49486,6
G/LD-023,Knott,-3.09332,54.68698,6
G/LD-024,Pike of Blisco,-3.12493,54.42811,6
G/LD-025,Seatallan,-3.32827,54.46407,4
G/LD-026,Tarn Crag (Sleddale),-2.79066,54.46346,4
G/LD-027,Place Fell,-2.92073,54.54427,4
G/LD-028,Harter Fell (Eskdale),-3.20452,54.38692,4
G/LD-029,Illgill Head,-3.28263,54.43293,4
G/LD-030,Black Combe,-3.32857,54.25776,4
G/LD-031,Blake Fell,-3.3772,54.56457,2
G/LD-032,Whitfell,-3.2949,54.32547,2
G/LD-033,Lord's Seat,-3.23398,54.62782,2
G/LD-034,Hard Knott,-3.18503,54.41103,2
G/LD-035,Great Mell Fell,-2.93564,54.61985,2
G/LD-036,Mellbreak,-3.31826,54.55558,2
G/LD-037,Little Mell Fell,-2.89447,54.60802,2
G/LD-038,Grayrigg Forest,-2.61958,54.39211,1
G/LD-040,Lingmoor Fell,-3.07641,54.43207,1
G/LD-041,Binsey,-3.20419,54.7088,1
G/LD-042,Low Fell,-3.33661,54.59136,1
G/LD-043,Hallin Fell,-2.8785,54.57041,1
G/LD-044,High Rigg,-3.07157,54.58843,1
G/LD-045,Dent,-3.48165,54.50233,1
G/LD-046,Lambrigg Fell,-2.63702,54.34149,1
G/LD-047,Loughrigg Fell,-3.00836,54.43745,1
G/LD-048,Top o'Selside,-3.06385,54.31808,1
G/LD-049,Kirkby Moor,-3.13726,54.24558,1
G/LD-050,Gummer's How,-2.93791,54.28836,1
G/LD-051,Holme Fell,-3.05653,54.3963,1
G/LD-052,Hutton Roof Crags,-2.68044,54.19141,1
G/LD-053,Claife Heights,-2.95265,54.36786,1
G/LD-054,Watch Hill,-3.30415,54.67445,1
G/LD-056,Whitbarrow - Lord's Seat,-2.85883,54.276,1
G/LD-057,Swinside,-3.17248,54.59153,1
G/LD-058,Arnside Knott,-2.83503,54.19019,1
G/LD-059,Muncaster Fell,-3.36314,54.37582,1
G/NP-001,Cross Fell,-2.48694,54.70309,8
G/NP-002,Mickle Fell,-2.30188,54.6157,6
G/NP-003,Burnhope Seat,-2.33626,54.73258,6
G/NP-004,Whernside,-2.40201,54.22895,6
G/NP-005,Ingleborough,-2.39782,54.16643,6
G/NP-006,Great Shunner Fell,-2.23452,54.37089,6
G/NP-007,Wild Boar Fell,-2.37411,54.3841,6
G/NP-008,Great Whernside,-1.99836,54.16105,6
G/NP-009,Buckden Pike,-2.0616,54.20486,6
G/NP-010,Pen-y-ghent,-2.24874,54.15601,4
G/NP-011,Great Coum,-2.46056,54.24707,4
G/NP-012,Baugh Fell - Tarn Rigg Hill,-2.39985,54.31974,4
G/NP-013,The Calf,-2.51335,54.36784,4
G/NP-014,Rogan's Seat,-2.12591,54.42294,4
G/NP-015,Great Knoutberry Hill,-2.32609,54.27965,4
G/NP-016,Dodd Fell Hill,-2.24557,54.25668,4
G/NP-017,Fountains Fell,-2.20941,54.13993,4
G/NP-018,Nine Standards Rigg,-2.27036,54.4499,4
G/NP-019,Yarlside,-2.48544,54.38132,4
G/NP-020,Cold Fell,-2.61625,54.89391,4
G/NP-022,Calf Top,-2.51661,54.26518,4
G/NP-023,Aye Gill Pike,-2.43063,54.29238,2
G/NP-024,Hoove,-1.99872,54.45761,2
G/NP-026,Kisdon,-2.15689,54.39405,1
G/NP-027,Dufton Pike,-2.46647,54.6339,1
G/NP-028,Rombalds Moor,-1.82694,53.90307,1
G/NP-029,Sharp Haw,-2.06333,53.99347,1
G/NP-031,Birks Fell,-2.12594,54.18296,4
G/NP-032,Cracoe Fell,-2.012,54.02553,2
G/SB-001,The Cheviot,-2.14544,55.47847,8
G/SB-004,Peel Fell,-2.5906,55.2902,4
G/SB-005,Sighty Crag,-2.62663,55.12109,2
G/SB-006,Shillhope Law,-2.20182,55.38092,2
G/SB-007,Tosson Hill,-1.99395,55.27836,1
G/SB-008,Long Crag,-1.90369,55.35664,1
G/SB-009,Ros Castle,-1.87321,55.52158,1
G/SB-010,Housedon Hill,-2.15675,55.58796,1
G/SC-001,Dunkery Beacon,-3.58673,51.16279,2
G/SC-002,Wills Neck,-3.19371,51.10958,1
G/SC-003,Beacon Batch,-2.74082,51.31215,1
G/SC-004,Staple Hill,-3.08257,50.94454,1
G/SC-005,Selworthy Beacon,-3.54951,51.22082,1
G/SC-006,Periton Hill,-3.50877,51.18691,1
G/SC-007,Long Knoll,-2.30714,51.13775,1
G/SC-008,Win Green,-2.108,50.98558,1
G/SC-009,Lewesdon Hill,-2.79935,50.80732,1
G/SC-010,Dundry Down,-2.64337,51.39774,1
G/SC-011,Hardown Hill,-2.84428,50.74497,1
G/SC-013,Nine Barrow Down,-1.98937,50.63048,1
G/SE-001,Walbury Hill,-1.46508,51.35249,1
G/SE-002,Leith Hill,-0.37144,51.1765,1
G/SE-003,Black Down,-0.68938,51.05863,1
G/SE-004,Butser Hill,-0.98028,50.97784,1
G/SE-005,Botley Hill,-0.01262,51.27884,1
G/SE-006,Ditchling Beacon,-0.10763,50.90174,1
G/SE-007,Crowborough,0.15387,51.0551,1
G/SE-008,St Boniface Down,-1.19759,50.60357,1
G/SE-009,Chanctonbury Ring,-0.38222,50.89658,1
G/SE-010,Firle Beacon,0.10815,50.83379,1
G/SE-011,Wilmington Hill,0.19654,50.80982,1
G/SE-012,Brighstone Down,-1.38955,50.6606,1
G/SE-013,Detling Hill,0.58556,51.29848,1
G/SE-014,Cliffe Hill,0.03703,50.87811,1
G/SP-001,Kinder Scout,-1.87391,53.38481,4
G/SP-002,Black Hill,-1.88531,53.53801,2
G/SP-003,Ward's Stone,-2.62434,54.02302,2
G/SP-004,Shining Tor,-2.00947,53.26073,2
G/SP-005,Pendle Hill,-2.29857,53.86856,2
G/SP-006,White Hill,-2.49928,54.02409,2
G/SP-007,Fair Snape Fell,-2.61485,53.91993,2
G/SP-008,Boulsworth Hill - Lad Law,-2.10825,53.81692,2
G/SP-009,Hail Storm Hill,-2.25126,53.67034,1
G/SP-010,Winter Hill,-2.51576,53.6299,1
G/SP-011,Freeholds Top,-2.14384,53.69328,1
G/SP-012,Easington Fell,-2.41231,53.93359,1
G/SP-013,Gun,-2.04622,53.15078,1
G/SP-014,Longridge Fell - Spire Hill,-2.52157,53.86463,1
G/SP-015,The Cloud,-2.1447,53.17037,1
G/SP-017,Billinge Hill,-2.71685,53.50767,1
G/TW-001,Urra Moor - Round Hill,-1.08592,54.40637,1
G/TW-002,Cringle Moor - Drake Howe,-1.17322,54.41927,1
G/TW-003,Gisborough Moor,-1.02489,54.50308,1
G/TW-004,Bishop Wilton Wold,-0.74771,54.00271,1
G/TW-005,Normanby Top,-0.31316,53.45306,1
G/WB-002,Brown Clee Hill,-2.59958,52.47673,2
G/WB-003,Stiperstones,-2.93486,52.58192,2
G/WB-004,Titterstone Clee Hill,-2.60196,52.39805,2
G/WB-005,Long Mynd - Pole Bank,-2.86378,52.54467,2
G/WB-006,Caer Caradoc Hill,-2.77212,52.55384,1
G/WB-007,Heath Mynd,-2.98103,52.5406,1
G/WB-008,Hergest Ridge,-3.0924,52.19951,1
G/WB-009,Worcestershire Beacon,-2.33895,52.10494,1
G/WB-010,The Wrekin,-2.55104,52.67023,1
G/WB-011,Bradnor Hill,-3.05192,52.21949,1
G/WB-012,High Vinnalls,-2.76782,52.34722,1
G/WB-013,Garway Hill,-2.82029,51.92128,1
G/WB-014,Burrow,-2.91189,52.44222,1
G/WB-015,Callow Hill,-2.79506,52.46083,1
G/WB-016,Wapley Hill,-2.95731,52.25629,1
G/WB-017,Shobdon Hill,-2.90721,52.27141,1
G/WB-018,View Edge,-2.8502,52.42383,1
G/WB-019,May Hill,-2.44389,51.88919,1
G/WB-020,Burton Hill,-2.88595,52.13408,1
G/WB-021,Ruardean Hill,-2.53141,51.84961,1
G/WB-022,Seager Hill,-2.54979,52.03859,1
G/WB-023,Hegdon Hill,-2.60798,52.18197,1
G/WB-024,Aconbury Hill,-2.7211,51.9932,1
GD/GD-001,Snaefell,-4.46163,54.26329,8
GD/GD-002,Slieau Freoaghane,-4.54903,54.26394,4
GD/GD-003,South Barrule,-4.66929,54.14948,4
GD/GD-004,Bradda Hill,-4.76354,54.10438,1
GD/GD-005,Mull Hill,-4.76811,54.07313,1
GI/AH-001,Trostan,-6.1554,55.04572,4
GI/AH-002,Knocklayd,-6.25102,55.16211,4
GI/AH-003,Slieveanorra,-6.22472,55.07418,4
GI/AH-004,Divis,-6.01851,54.61128,2
GI/AH-005,Agnew's Hill,-5.93421,54.84438,2
GI/AH-006,Mid Hill,-6.12361,54.97432,2
GI/AH-007,Slemish,-6.09737,54.88135,2
GI/AH-008,Big Collin,-6.08494,54.80212,1
GI/AH-009,Carnearny,-6.17355,54.76844,1
GI/AH-010,Slievetrue,-5.91023,54.73203,1
GI/AH-011,Cross Slieve,-6.06458,55.09738,1
GI/CA-001,Slieve Gullion,-6.43344,54.12186,4
GI/CA-002,Camlough Mountain,-6.39466,54.16602,2
GI/CA-003,Carrigatuke,-6.61536,54.22972,1
GI/CA-004,Croslieve,-6.46954,54.08703,1
GI/CA-005,Tievecrom,-6.43784,54.07674,1
GI/MM-001,Slieve Donard,-5.9208,54.18027,10
GI/MM-002,Slieve Commedagh,-5.93875,54.18873,8
GI/MM-003,Slieve Binnian,-5.98001,54.14193,8
GI/MM-004,Slieve Bearnagh,-5.98953,54.1842,8
GI/MM-005,Slieve Meelbeg,-6.00829,54.18373,8
GI/MM-006,Slievelamagan,-5.96606,54.16613,8
GI/MM-007,Slieve Muck,-6.03965,54.15801,6
GI/MM-008,Eagle Mountain,-6.09726,54.14012,6
GI/MM-009,Slievemoughanmore,-6.08916,54.14988,4
GI/MM-010,Slieve Croob,-5.97346,54.34001,4
GI/MM-011,Slievemartin,-6.16512,54.09356,2
GI/MM-012,Slievenaglogh,-6.01311,54.13966,2
GI/MM-013,Gruggandoo,-6.16351,54.16451,1
GI/MM-014,Knockchree,-6.05845,54.08649,1
GI/MM-015,Slievenalargy,-6.01079,54.25194,1
GI/MM-017,Cairngaver,-5.74957,54.61626,1
GI/SM-001,Sawel Mountain,-7.03942,54.81971,6
GI/SM-002,Mullaghclogha,-7.13413,54.80646,6
GI/SM-003,Mullaghaneany,-6.93477,54.83073,6
GI/SM-004,Carnanelly,-6.952,54.77233,4
GI/SM-005,Mullaghmore,-6.85098,54.8497,4
GI/SM-006,Mullaghcarn,-7.20943,54.67432,4
GI/SM-007,Slieve Gallion,-6.76124,54.73186,4
GI/SM-008,Mullaghash,-7.00412,54.86075,2
GI/SM-009,Benbradagh,-6.8741,54.94406,2
GI/SM-010,Curraghchosaly Mountain,-7.25933,54.70089,2
GI/SM-011,Owenreagh Hill,-7.34755,54.80919,2
GI/SM-012,Balix Hill,-7.26197,54.81139,2
GI/SM-013,Donald's Hill,-6.83979,54.99764,1
GI/SM-014,Loughermore,-7.08073,54.98442,1
GI/SM-015,Binevenagh,-6.91792,55.11334,1
GI/SM-016,Craignamaddy,-7.1901,54.74985,1
GI/SM-017,Oughtmore,-6.87788,54.69616,1
GI/SM-018,Slievekirk,-7.29742,54.9194,1
GI/SM-019,Crocknamoghil,-7.104,54.71061,1
GI/SM-020,Crockdooish,-7.17686,54.86654,1
GI/SM-021,Slievemore,-7.0855,54.49847,1
GI/SM-022,Holywell Hill,-7.39915,54.99989,1
GI/SM-023,Clondermot Hill,-7.32325,54.95997,1
GI/SM-024,Gortmonly Hill,-7.38322,54.91807,1
GI/SW-001,Bessy Bell,-7.39559,54.6852,2
GI/SW-002,Belmore Mountain,-7.78783,54.32445,1
GI/SW-003,Tullybrack,-7.86231,54.36081,1
GI/SW-004,Slieve Beagh,-7.1954,54.33876,1
GI/SW-005,Bolaght Mountain,-7.59966,54.63601,1
GI/SW-006,Dooish,-7.51366,54.57551,1
GI/SW-007,Brougher Mountain,-7.46311,54.42168,1
GI/SW-008,Pollnalaght,-7.42908,54.57789,1
GI/SW-009,Mullaghcroy,-7.49066,54.68321,1
GJ/JE-001,Les Platons (Jersey),-2.1055,49.2479,1
GM/CS-001,Ben Lawers,-4.22086,56.54492,10
GM/CS-002,Creag Meagaidh,-4.60212,56.95202,10
GM/CS-003,Beinn a'Ghlo - Carn nan Gabhar,-3.68806,56.83984,10
GM/CS-004,Meall Garbh,-4.20771,56.56612,10
GM/CS-005,Schiehallion,-4.10023,56.66693,8
GM/CS-006,Beinn a'Chreachain,-4.64762,56.56039,8
GM/CS-007,Beinn Heasgarnich,-4.57922,56.51027,8
GM/CS-008,Beinn Dorain,-4.72216,56.50287,8
GM/CS-009,Braigh Coire Chruinn-bhalgain,-3.72951,56.83108,8
GM/CS-010,Meall Corranaich,-4.25347,56.54095,8
GM/CS-011,Glas Tulaichean,-3.55816,56.86576,8
GM/CS-012,Beinn a'Chaorainn,-4.65364,56.92862,8
GM/CS-013,Creag Mhor,-4.61404,56.48952,8
GM/CS-014,Beinn Iutharn Mhor,-3.56823,56.89499,8
GM/CS-015,Meall nan Tarmachan,-4.30134,56.52166,8
GM/CS-016,Carn Mairg,-4.14561,56.63464,8
GM/CS-017,Meall Ghaordaidh,-4.41665,56.52581,8
GM/CS-018,Beinn Achaladair,-4.69453,56.55189,8
GM/CS-019,Carn Gorm,-4.22602,56.62254,8
GM/CS-020,Carn an Righ,-3.59527,56.87658,8
GM/CS-021,Ben Challum,-4.61918,56.45457,8
GM/CS-022,Beinn Udlamain,-4.32998,56.83545,8
GM/CS-023,Beinn Dearg,-3.88372,56.87735,8
GM/CS-024,An Sgarsoch,-3.75429,56.93211,8
GM/CS-025,Beinn an Dothaidh,-4.71396,56.53013,8
GM/CS-026,Meall Greigh,-4.15956,56.56742,8
GM/CS-027,Carn an Fhidhleir (Carn Ealar),-3.80153,56.93602,6
GM/CS-028,Sgairneach Mhor,-4.29779,56.82845,6
GM/CS-029,Carn Liath,-3.74409,56.80777,6
GM/CS-030,Carn a'Gheoidh,-3.46662,56.87307,6
GM/CS-031,Carn a'Chlamain,-3.77963,56.86097,6
GM/CS-032,Stuchd an Lochain,-4.4706,56.57091,6
GM/CS-033,Meall Glas,-4.54682,56.45571,6
GM/CS-034,Beinn Mhanach,-4.64604,56.53404,6
GM/CS-035,Meall Chuaich,-4.11257,56.96385,6
GM/CS-036,Carn Bhac,-3.56088,56.93054,6
GM/CS-037,Carn Dearg,-4.25325,57.09226,6
GM/CS-038,An Socach,-3.51316,56.90229,6
GM/CS-039,Carn na Caim,-4.17448,56.91174,6
GM/CS-040,Meall Buidhe,-4.44864,56.61722,6
GM/CS-041,Meall a'Choire Leith,-4.25962,56.56631,6
GM/CS-042,Sgiath Chuil,-4.49565,56.45315,6
GM/CS-043,Geal-charn,-4.30452,56.87443,6
GM/CS-044,Beinn Teallach,-4.69475,56.93593,6
GM/CS-045,Beinn Bhreac,-3.86034,56.91613,6
GM/CS-046,Leathad an Taobhain,-3.93865,56.94865,6
GM/CS-047,Beinn nan Oighreag,-4.37324,56.54009,6
GM/CS-048,Meall Buidhe,-4.562,56.57015,6
GM/CS-049,Ben Vuirich,-3.64401,56.81074,6
GM/CS-050,Beinn Odhar,-4.70044,56.46766,6
GM/CS-051,Beinn Mheadhonach,-3.83846,56.86095,6
GM/CS-052,Gairbeinn,-4.53968,57.05199,4
GM/CS-053,Beinn a'Chuallaich,-4.15152,56.72902,4
GM/CS-054,Beinn a'Chaisteil,-4.6861,56.49062,4
GM/CS-055,Cam Chreag,-4.63916,56.47606,4
GM/CS-056,Carn an Fhreiceadain,-4.10736,57.13736,4
GM/CS-057,A'Chaoirnich,-4.07819,56.90042,4
GM/CS-058,Cam Chreag,-4.38563,56.61109,4
GM/CS-059,Meall na h-Aisre,-4.45036,57.06742,4
GM/CS-060,Morrone,-3.42958,56.98079,4
GM/CS-061,Carn Dearg Mor,-3.93865,56.9968,4
GM/CS-062,Stob an Aonaich Mhoir,-4.39609,56.7933,4
GM/CS-063,Beinn nan Imirean,-4.56584,56.44413,4
GM/CS-064,Beinn Mholach,-4.3121,56.75953,4
GM/CS-065,Ben Vrackie,-3.71727,56.74895,4
GM/CS-066,Sron a'Choire Chnapanich,-4.51486,56.57418,4
GM/CS-067,Carn Dearg,-4.72333,56.95981,4
GM/CS-068,Beinn Dearg,-4.26897,56.61893,4
GM/CS-069,An Dun,-4.10863,56.8948,4
GM/CS-070,Geal-charn Mor,-3.92692,57.18695,4
GM/CS-071,Beinn Chaorach,-4.66494,56.45889,4
GM/CS-072,Carn a'Chuilinn,-4.61484,57.09427,4
GM/CS-073,Carn Dearg,-4.72043,57.03113,4
GM/CS-074,Carn na Saobhaidhe,-4.32052,57.19897,4
GM/CS-075,Beinn nam Fuaran,-4.66466,56.50716,4
GM/CS-076,Meall nan Subh,-4.50381,56.5245,4
GM/CS-077,Ben Gulabin,-3.47589,56.83265,4
GM/CS-078,The Sow of Atholl,-4.25518,56.8381,4
GM/CS-079,Beinn Iaruinn,-4.80315,56.97015,4
GM/CS-080,Meall Tairneachan,-3.94741,56.6659,4
GM/CS-081,Farragon Hill,-3.89421,56.67506,4
GM/CS-082,Meall nam Maigheach,-4.3025,56.56287,4
GM/CS-083,Meall na Leitreach,-4.22799,56.80404,4
GM/CS-084,Meallach Mhor,-4.01527,56.99279,4
GM/CS-085,Carn Dearg,-4.70735,57.01574,4
GM/CS-086,Creag Dhubh,-4.18076,57.04715,4
GM/CS-087,Meall a'Mhuic,-4.31725,56.62743,4
GM/CS-088,Creag Liath,-4.20612,57.0785,4
GM/CS-089,Leana Mhor,-4.82178,56.9503,2
GM/CS-090,Leana Mhor,-4.76904,56.95178,2
GM/CS-091,Carn Glas-choire,-3.84328,57.33944,2
GM/CS-092,Creag Ruadh,-4.16396,56.96638,2
GM/CS-093,Creag Dhubh,-4.7558,56.90297,2
GM/CS-094,Blath Bhalg,-3.60438,56.73139,2
GM/CS-095,Creag Ruadh,-4.37491,56.99113,2
GM/CS-096,Carn na h-Easgainn,-4.0898,57.36182,2
GM/CS-097,Carn nan Tri-tighearnan,-3.96154,57.42638,2
GM/CS-098,Creag a'Mhadaidh,-4.23473,56.75674,2
GM/CS-099,Leagag,-4.41758,56.6535,2
GM/CS-100,Dun Coillich,-4.02036,56.65818,2
GM/CS-101,Beinn a'Mhonicag,-4.81504,56.92897,2
GM/CS-102,Creag nam Mial,-3.54554,56.6692,2
GM/CS-103,Beinn Mheadhoin,-4.31587,57.2625,2
GM/CS-104,Beinn a'Bhacaidh,-4.59584,57.17125,2
GM/CS-105,Carn na Loine,-3.54948,57.40572,2
GM/CS-106,Creag a'Chliabhain,-4.36227,57.25364,2
GM/CS-107,Drumcroy Hill,-4.059,56.74127,2
GM/CS-108,Deuchary Hill,-3.57032,56.61857,2
GM/CS-109,Meall Mor,-4.10249,57.39301,1
GM/CS-110,Meall an Tarsaid,-4.49727,57.18351,1
GM/CS-111,Creag Bheag,-4.07102,57.0896,1
GM/CS-112,Beinn Mhor,-3.67312,57.33229,1
GM/CS-113,Tom Bailgeann,-4.34659,57.33392,1
GM/CS-114,Drummond Hill,-4.03738,56.5846,1
GM/CS-115,Knock of Braemoray,-3.64849,57.45509,1
GM/CS-116,Hill of Persie,-3.43422,56.68797,1
GM/CS-117,Stac na Cathaig,-4.26127,57.3414,1
GM/CS-118,Stac Gorm,-4.27565,57.31583,1
GM/CS-119,Creag nan Clag,-4.33081,57.32407,1
GM/CS-120,Brown Muir,-3.24161,57.57782,1
GM/CS-121,Hill of the Wangie,-3.4448,57.56548,1
GM/CS-122,Newtyle Hill,-3.54722,56.55931,1
GM/CS-123,Burgiehill,-3.51146,57.58418,1
GM/CS-124,Meall Chomraidh,-4.47554,56.66814,1
GM/NS-001,Sgurr Mor,-5.01677,57.70013,10
GM/NS-002,Sgurr nan Clach Geala,-5.04824,57.69628,8
GM/NS-003,Beinn Dearg,-4.92956,57.78635,8
GM/NS-004,An Teallach - Bidein a'Ghlas Thuill,-5.25177,57.8071,8
GM/NS-005,Ben Wyvis,-4.57925,57.67891,8
GM/NS-006,Mullach Coire Mhic Fhearchair,-5.27134,57.70902,8
GM/NS-007,Sgurr Breac,-5.09131,57.69194,6
GM/NS-008,A'Chailleach,-5.12871,57.69377,6
GM/NS-009,Ben More Assynt,-4.85821,58.13816,6
GM/NS-010,Sgurr Ban,-5.2659,57.71854,6
GM/NS-011,Slioch,-5.34705,57.66718,6
GM/NS-012,Cona' Mheall,-4.90342,57.79108,6
GM/NS-013,A'Mhaighdean,-5.34672,57.71965,6
GM/NS-014,Ben Klibreck - Meall nan Con,-4.41113,58.2352,6
GM/NS-015,Am Faochagach,-4.8539,57.7718,6
GM/NS-016,Beinn Tarsuinn,-5.29163,57.70205,6
GM/NS-017,Fionn Bheinn,-5.10271,57.61115,6
GM/NS-018,Eididh nan Clach Geala,-4.9342,57.8135,6
GM/NS-019,Seana Bhraigh,-4.89662,57.84733,6
GM/NS-020,Ben Hope,-4.60786,58.41311,6
GM/NS-021,Ruadh Stac Mor,-5.32929,57.72678,6
GM/NS-022,Beinn a'Chlaidheimh,-5.25907,57.74592,6
GM/NS-023,Foinaven - Ganu Mor,-4.8857,58.41206,6
GM/NS-024,Beinn Dearg Mor,-5.30994,57.7658,6
GM/NS-025,Beinn Enaiglair,-4.98673,57.7791,4
GM/NS-026,Ben Hee,-4.68391,58.26589,4
GM/NS-027,Beinn Lair,-5.3892,57.70384,4
GM/NS-028,Beinn a'Chaisgein Mor,-5.39209,57.75116,4
GM/NS-029,Cul Mor,-5.11677,58.05812,4
GM/NS-030,Canisp,-5.05285,58.12091,4
GM/NS-031,Carn Ban,-4.80104,57.84677,4
GM/NS-032,Carn Chuinneag,-4.55414,57.81381,4
GM/NS-033,Beinn Dearg Bheag,-5.33143,57.77599,4
GM/NS-034,Breabag,-4.90854,58.09737,4
GM/NS-035,Quinag - Sail Gharbh,-5.0499,58.21515,4
GM/NS-036,Creag Rainich,-5.19902,57.72566,4
GM/NS-037,Meallan Liath Coire Mhic Dhughaill,-4.80567,58.31007,4
GM/NS-038,Cranstackie,-4.82872,58.45743,4
GM/NS-039,Beinn Leoid,-4.86161,58.22202,4
GM/NS-040,Beinn Airigh Charr,-5.47761,57.72756,4
GM/NS-041,Beinn a'Chaisteil,-4.74299,57.78092,4
GM/NS-042,Arkle,-4.90364,58.37106,4
GM/NS-043,Meall Horn,-4.8176,58.36168,4
GM/NS-044,Glas Bheinn,-4.97057,58.19268,4
GM/NS-045,Quinag - Sail Gorm,-5.06954,58.22561,4
GM/NS-046,Beinn Spionnaidh,-4.8105,58.47304,4
GM/NS-047,Cul Beag,-5.15099,58.02955,4
GM/NS-048,Sail Mhor,-5.31582,57.84445,4
GM/NS-049,Beinn Liath Mhor a'Ghiubhais Li,-4.88638,57.69865,4
GM/NS-050,Little Wyvis,-4.63264,57.64278,4
GM/NS-051,Quinag - Spidean Coinich,-5.05447,58.20187,4
GM/NS-052,Ben Loyal - An Caisteal,-4.43503,58.40493,4
GM/NS-053,Carn an Tionail,-4.74574,58.31036,4
GM/NS-054,Meallan a'Chuail,-4.82003,58.22072,4
GM/NS-055,Groban,-5.18923,57.68754,4
GM/NS-056,Beinn nan Eun,-4.60898,57.74661,4
GM/NS-057,Ben Mor Coigach,-5.22574,57.98654,4
GM/NS-058,Meall Mor,-4.49546,57.73619,4
GM/NS-059,Sabhal Beag,-4.78113,58.34437,4
GM/NS-060,Suilven - Caisteal Liath,-5.13676,58.11552,4
GM/NS-061,Meall Doire Faid,-4.99277,57.76716,4
GM/NS-062,Meall Mheinnidh,-5.43515,57.71667,4
GM/NS-063,Ben Stack,-4.95772,58.33492,4
GM/NS-064,Beinn Tharsuinn,-4.6734,57.80775,4
GM/NS-065,Creag Mhor,-4.2153,58.18569,4
GM/NS-066,Beinn nan Ramh,-5.11896,57.64676,4
GM/NS-067,Morven,-3.69673,58.23423,4
GM/NS-068,Meall a'Chaorainn,-5.12059,57.59508,4
GM/NS-069,Ben Armine - Creag a'Choire Ghlais,-4.22326,58.21541,4
GM/NS-070,Sgurr an Fhidhleir,-5.22594,57.99729,4
GM/NS-071,Carn a'Choin Deirg,-4.70496,57.89172,4
GM/NS-072,Carn Loch nan Amhaichean,-4.67077,57.74337,2
GM/NS-073,Beinn a'Mhuinidh,-5.29873,57.64123,2
GM/NS-074,Beinn Tharsuinn,-4.34532,57.78146,2
GM/NS-075,Beinn Direach,-4.72141,58.30211,2
GM/NS-076,Beinn a'Chaisgein Beag,-5.42281,57.7826,2
GM/NS-077,Beinn Bheag,-5.2142,57.69151,2
GM/NS-078,Meall Dubh,-4.99152,57.85208,2
GM/NS-079,Carn Salachaidh,-4.49737,57.85186,2
GM/NS-080,Beinn Ghobhlach,-5.28247,57.89597,2
GM/NS-081,Meall a'Chaorainn,-4.76143,57.80403,2
GM/NS-082,Beinn Dhorain,-3.82561,58.11677,2
GM/NS-083,Scaraben,-3.59151,58.22037,2
GM/NS-084,Beinn an Eoin,-5.209,58.00657,2
GM/NS-085,Meall an Fheur Loch,-4.79187,58.23769,2
GM/NS-086,Stac Pollaidh,-5.20852,58.04411,2
GM/NS-087,Beinn Mhealaich,-3.76509,58.11141,2
GM/NS-088,Cnoc Damh,-4.92191,57.92178,2
GM/NS-089,Ben Griam Mor,-4.03925,58.3227,2
GM/NS-090,Beinn nam Ban,-5.18972,57.86676,2
GM/NS-091,Ben Griam Beg,-3.9972,58.34348,2
GM/NS-092,Meall an Fhuarain,-4.90932,57.97728,2
GM/NS-093,Beinn Reidh,-5.04058,58.14372,2
GM/NS-094,Beinn Eilideach,-5.08731,57.88592,2
GM/NS-095,An Cabar,-4.92055,57.63315,2
GM/NS-096,Cnoc nan Cuilean,-4.40038,58.38156,2
GM/NS-097,Creag Scalabsdale,-3.75372,58.19329,2
GM/NS-098,Creag Dhubh Mhor,-4.6288,58.2648,2
GM/NS-099,Meall Liath Choire,-4.99522,57.9197,2
GM/NS-100,Cnoc a'Bhaid-rallaich,-5.26374,57.88477,2
GM/NS-101,Carn Garbh,-3.88018,58.0992,2
GM/NS-102,Beinn an Eoin,-4.72928,58.03431,2
GM/NS-103,Ben Hiel,-4.40547,58.41618,2
GM/NS-104,Beinn Stumanadh,-4.32834,58.41625,2
GM/NS-105,Cnoc Ceislein,-4.36919,57.70321,2
GM/NS-106,Meall Glac Tigh-fail,-5.09543,57.79679,2
GM/NS-107,Ben Horn,-4.02135,58.03019,2
GM/NS-108,Farrmheall,-4.90354,58.48439,2
GM/NS-109,An Lean-charn,-4.7082,58.43287,2
GM/NS-110,Meall Coire an Lochain,-5.0284,58.01176,2
GM/NS-111,Maovally,-4.75737,58.1499,2
GM/NS-112,Ben Dreavie,-4.97018,58.3125,2
GM/NS-113,Smean,-3.64881,58.22679,2
GM/NS-114,Meall Dheirgidh,-4.57883,57.9123,2
GM/NS-115,Creag Riabhach,-4.95764,58.5282,1
GM/NS-116,Maiden Pap,-3.62277,58.24266,1
GM/NS-117,Carn na Dubh Choille,-4.70576,57.667,1
GM/NS-118,Beinn Sgeireach,-4.62326,58.06841,1
GM/NS-119,Meall an Fhuarain,-4.53414,58.23843,1
GM/NS-120,Creag Dhubh Bheag,-4.5996,58.23909,1
GM/NS-121,An Grianan,-4.98117,58.51778,1
GM/NS-122,Feinne-bheinn Mhor,-4.67892,58.37683,1
GM/NS-123,Breac-Bheinn,-4.5372,57.91978,1
GM/NS-124,Fashven,-4.90039,58.56285,1
GM/NS-125,Beinn Lunndaidh,-4.04637,57.99063,1
GM/NS-126,Cnoc an Liath-bhaid Mhoir,-4.11452,58.23343,1
GM/NS-127,Meall Meadhonach,-4.73204,58.52418,1
GM/NS-128,Braigh na h-Eaglaise,-3.59165,58.17772,1
GM/NS-129,Beinn Dubhain,-3.80864,58.16246,1
GM/NS-130,Meadie Ridge,-4.56644,58.35692,1
GM/NS-131,Creag Loisgte,-4.75766,57.92145,1
GM/NS-132,Ben Hutig,-4.51281,58.55076,1
GM/NS-133,Creag Thoraraidh,-3.63151,58.14729,1
GM/NS-134,Cnoc na Maoile,-3.68809,58.16863,1
GM/NS-135,Cnoc Corr Guinie,-4.23344,57.74929,1
GM/NS-136,Creag nam Fiadh,-3.97273,58.18698,1
GM/NS-137,Cnoc an t-Sabhail,-4.19714,57.77891,1
GM/NS-138,Struie,-4.2611,57.83431,1
GM/NS-139,Sgribhis-bheinn,-4.89391,58.59749,1
GM/NS-140,Meall a'Chaise,-4.28868,58.07568,1
GM/NS-141,An Socach,-4.97669,58.48112,1
GM/NS-142,Cnoc an Daimh Mor,-4.50805,58.34834,1
GM/NS-143,Beinn Domhnaill,-4.23192,57.93979,1
GM/NS-144,Creag a'Ghobhair,-4.26403,57.91577,1
GM/NS-145,Meall nan Clach Ruadha,-4.39375,58.47876,1
GM/NS-146,Ghlas-bheinn,-4.86479,58.50871,1
GM/NS-147,Meall Dola,-4.33855,58.03014,1
GM/NS-148,Cnoc an t-Sabhail,-4.15308,57.80671,1
GM/NS-149,Beinn Akie,-4.85219,58.5414,1
GM/NS-150,Cnoc Mor,-4.5264,57.57733,1
GM/NS-151,Mount Eagle,-4.2631,57.6008,1
GM/NS-152,Hill of Nigg,-3.98102,57.70913,1
GM/NS-153,Meall an Fheadain,-5.39206,58.04249,1
GM/NS-154,Beinn Dearg,-4.95769,58.5463,1
GM/NS-155,Creag an Amalaidh,-4.09874,57.94962,1
GM/SI-001,Sgurr Alasdair,-6.22418,57.20659,6
GM/SI-002,Sgurr Dearg - Inaccessible Pinnacle,-6.23482,57.21325,6
GM/SI-003,Ben More,-6.01402,56.42483,6
GM/SI-004,Sgurr nan Gillean,-6.19316,57.24821,6
GM/SI-005,Bla Bheinn (Blaven),-6.09321,57.21957,6
GM/SI-006,Goat Fell,-5.19188,55.62585,4
GM/SI-007,Caisteal Abhail,-5.22929,55.64986,4
GM/SI-008,Beinn Tarsuinn,-5.24208,55.62148,4
GM/SI-009,Askival,-6.2915,56.97443,4
GM/SI-010,Garbh-bheinn,-6.09247,57.2331,4
GM/SI-011,Cir Mhor,-5.22253,55.63913,4
GM/SI-012,Clisham,-6.81255,57.96369,4
GM/SI-013,Beinn an Oir,-6.00414,55.9024,4
GM/SI-014,Ainshval,-6.31468,56.96563,4
GM/SI-015,Glamaig - Sgurr Mhairi,-6.1284,57.29271,4
GM/SI-016,Dun da Ghaoithe,-5.77951,56.46044,4
GM/SI-017,Beinn Talaidh,-5.85429,56.44457,4
GM/SI-018,Beinn Shiantaidh,-5.97936,55.90167,4
GM/SI-019,Sgurr Dearg,-5.78887,56.44012,4
GM/SI-020,Sgurr na Coinnich,-5.70943,57.23615,4
GM/SI-021,Marsco,-6.13348,57.24918,4
GM/SI-022,Beinn a'Chaolais,-6.0175,55.88844,4
GM/SI-023,Beinn na Caillich,-5.69679,57.24292,4
GM/SI-024,Beinn na Caillich,-5.97668,57.23728,4
GM/SI-025,Beinn Dearg Mhor,-6.11582,57.27954,4
GM/SI-026,Uisgnaval Mor,-6.87115,57.97294,4
GM/SI-027,Mullach Buidhe,-5.33467,55.63316,4
GM/SI-028,The Storr,-6.18311,57.50711,4
GM/SI-029,Ben Buie,-5.88177,56.37508,4
GM/SI-030,Beinn Dearg Mhor,-5.99876,57.23259,4
GM/SI-031,Corra-bheinn,-5.9363,56.4193,4
GM/SI-032,Belig,-6.07228,57.24098,4
GM/SI-033,Trallval,-6.31727,56.97339,4
GM/SI-034,Beinn Fhada,-5.9925,56.44197,4
GM/SI-035,Creach Beinn,-5.8197,56.38199,2
GM/SI-036,Tirga Mor,-6.98505,57.99488,2
GM/SI-037,Hartaval,-6.20952,57.51572,2
GM/SI-038,Oreval,-6.93521,57.98306,2
GM/SI-039,Beinn Mhor,-7.29497,57.2587,2
GM/SI-040,Cruach Choireadail,-5.90011,56.40512,2
GM/SI-041,Ben Aslak,-5.72596,57.20755,2
GM/SI-042,Hecla,-7.27128,57.29029,2
GM/SI-043,Beinn a'Ghraig,-5.99229,56.46325,2
GM/SI-044,Stulaval,-6.85465,58.00648,2
GM/SI-045,Corra Bheinn,-5.95942,55.90892,2
GM/SI-046,Beinn Bhreac,-5.27121,55.65979,2
GM/SI-047,Mealisval,-7.06117,58.13163,2
GM/SI-048,Ben na Cro,-6.03053,57.24363,2
GM/SI-049,Beinn Mhor,-6.64753,57.99,2
GM/SI-050,Orval,-6.39314,57.00588,2
GM/SI-051,Glas Bheinn Mhor,-6.05758,57.25687,2
GM/SI-052,Meall nan Damh,-5.32363,55.67054,2
GM/SI-053,Glas Bheinn,-5.99591,55.85729,2
GM/SI-054,Beinn na Seamraig,-5.76069,57.1944,2
GM/SI-055,Coirc Bheinn,-6.07553,56.41921,2
GM/SI-056,Sgaoth Aird,-6.7901,57.93479,2
GM/SI-057,Ben Dearg,-6.20768,57.47371,2
GM/SI-058,Meall na Suiramach,-6.2814,57.64297,2
GM/SI-059,Toddun,-6.71408,57.92835,2
GM/SI-060,Ben Corodale,-7.27891,57.27524,2
GM/SI-061,Beinn na Sreine,-6.12361,56.39719,2
GM/SI-062,Tahaval,-7.02605,58.12688,2
GM/SI-063,A'Chruach,-5.22038,55.55326,2
GM/SI-064,Cracaval,-7.04598,58.1165,2
GM/SI-065,Scrinadle,-5.99543,55.92838,2
GM/SI-066,Beinn Dhubh,-6.91423,57.89986,2
GM/SI-067,Beinn na Croise,-5.95166,56.35516,2
GM/SI-068,Sgurr na Stri,-6.13895,57.19582,1
GM/SI-069,Griomaval,-7.07172,58.086,1
GM/SI-070,Ruadh Stac,-6.11954,57.23252,1
GM/SI-071,Liuthaid,-6.7856,58.02174,1
GM/SI-072,Beinn Bheigier,-6.09539,55.73317,1
GM/SI-073,Husival Mor,-7.04063,57.9937,1
GM/SI-074,Healabhal Bheag,-6.62037,57.38426,1
GM/SI-075,Dubh Bheinn,-5.8839,56.03235,1
GM/SI-076,Ward Hill,-3.34051,58.90062,1
GM/SI-077,Glas Bheinn,-6.0983,55.75771,1
GM/SI-078,Gormol,-6.56449,57.96944,1
GM/SI-079,Healabhal Mhor,-6.63089,57.40578,1
GM/SI-080,Beinn Bhreac,-5.85957,56.04967,1
GM/SI-081,Bioda Buidhe,-6.28977,57.61471,1
GM/SI-082,Beinn a'Bhraghad,-6.29552,57.24587,1
GM/SI-083,Roineabhal,-6.9754,57.76661,1
GM/SI-084,Tighvein,-5.17151,55.49937,1
GM/SI-085,Beinn na Duatharach,-5.88941,56.45815,1
GM/SI-086,Ronas Hill,-1.44594,60.53386,1
GM/SI-087,Cruach Scarba,-5.72222,56.17667,1
GM/SI-088,Caiteshal,-6.6622,57.94319,1
GM/SI-089,Ben Lee,-6.15051,57.32455,1
GM/SI-090,Beinn Bhreac,-6.4029,57.25593,1
GM/SI-091,Speinne Mor,-6.07278,56.57316,1
GM/SI-092,Dun Caan,-6.02927,57.38126,1
GM/SI-093,Fionn Bhealach,-5.22046,55.69875,1
GM/SI-094,Beinn Bhreac,-5.95079,55.93061,1
GM/SI-095,Roineval,-6.29121,57.3327,1
GM/SI-096,An Cruachan,-6.3387,57.21825,1
GM/SI-097,Cuilags,-3.37338,58.91039,1
GM/SI-098,Conachair,-8.57327,57.82095,1
GM/SI-099,Sgorr nam Faoileann,-6.09449,55.7709,1
GM/SI-100,Suainaval,-6.97137,58.1698,1
GM/SI-101,Beinn na Drise,-6.10523,56.50854,1
GM/SI-102,Muaithabhal,-6.64378,58.00747,1
GM/SI-103,The Sneug,-2.09567,60.14011,1
GM/SI-104,Beinn na Greine,-6.22972,57.39383,1
GM/SI-105,Ben Tianavaig,-6.14253,57.39099,1
GM/SI-106,Beinn Bhuidhe,-5.91627,56.4898,1
GM/SI-107,Beinn Bhac-ghlais,-6.61069,57.37035,1
GM/SI-108,Guainemol,-6.64169,58.02489,1
GM/SI-109,Druim Fada,-5.80859,56.33677,1
GM/SI-110,Knap of Trowieglen,-3.31994,58.86688,1
GM/SI-111,Bleaval,-7.00226,57.81374,1
GM/SI-112,Beinn Mheadhonach,-6.94096,58.10534,1
GM/SI-113,Mullach na Carn,-5.97512,57.29076,1
GM/SI-114,An Sgurr,-6.16605,56.88414,1
GM/SI-115,Sithean Bhealaich Chumhaing,-6.15298,57.44138,1
GM/SI-116,An Coileach,-6.91032,57.82946,1
GM/SI-117,Heileasbhal Mor,-6.93166,57.82827,1
GM/SI-118,Mullach an Eilein,-8.49158,57.87128,1
GM/SI-119,Biod Mor,-6.36222,57.26134,1
GM/SI-120,Heaval,-7.46825,56.96615,1
GM/SI-121,Kearnaval,-6.76952,58.04136,1
GM/SI-122,Cnoc Glas,-8.63791,57.83008,1
GM/SI-123,Beinn Chreagach,-6.01282,56.32253,1
GM/SI-124,Cruachan Min,-6.13238,56.31881,1
GM/SI-125,Stulaval,-7.28881,57.19616,1
GM/SI-126,Uisenis,-6.50303,57.95999,1
GM/SI-127,Ben Garrisdale,-5.79337,56.07891,1
GM/SI-128,Arnaval,-6.40863,57.29816,1
GM/SI-129,Chaipaval,-7.1014,57.81875,1
GM/SI-130,Sgarbh Breac,-6.15224,55.91259,1
GM/SI-131,Triuirebheinn,-7.27553,57.17112,1
GM/SI-132,Eaval,-7.18294,57.52809,1
GM/SI-133,Ben Meabost,-6.07648,57.16804,1
GM/SI-134,Sgorr an Fharaidh,-6.13427,56.92654,1
GM/SI-135,Maol Ban,-5.75028,56.35041,1
GM/SI-136,Cipeagil Bheag,-6.65539,57.96211,1
GM/SI-137,Ben Tangaval,-7.53198,56.96018,1
GM/SI-138,Creachan Mor,-6.04905,56.30225,1
GM/SI-139,Beinn Chreagach,-6.52568,57.4898,1
GM/SI-140,Beinn Bhreac,-6.58424,57.48446,1
GM/SI-141,Feirihisval,-6.57423,58.03838,1
GM/SI-142,Guir-bheinn,-6.19071,55.87741,1
GM/SI-143,Mullach Mor,-5.06986,55.52292,1
GM/SI-144,Biod an Athair,-6.74487,57.4953,1
GM/SI-145,Beinn Chreagach,-6.21889,56.48213,1
GM/SI-146,Sron Romul,-7.13693,58.02765,1
GM/SI-147,Mullach Mor,-6.30865,57.03041,1
GM/SI-148,Cruach na Seilcheig,-5.73719,56.12243,1
GM/SI-149,Cnoc an Ime,-5.8614,55.95394,1
GM/SI-150,Beinn nan Carn,-5.91443,57.19243,1
GM/SI-151,Sgorach Breac,-5.884,57.14946,1
GM/SI-152,Cruachan Glen Vic Askill,-6.40384,57.42774,1
GM/SI-153,S Airde Beinn,-6.12277,56.60638,1
GM/SI-154,Royl Field,-1.29111,60.03953,1
GM/SI-155,Sgurr na h-Iolaire,-5.93703,57.11055,1
GM/SI-156,Beinn Mholach,-6.50977,58.2574,1
GM/SI-157,Saxa Vord,-0.84106,60.82748,1
GM/SI-158,Meall a'Mhaoil,-6.0626,57.3018,1
GM/SI-159,Ben Geary,-6.59373,57.55961,1
GM/SI-160,Fitful Head,-1.38273,59.90557,1
GM/SI-161,Sgurr nan Caorach,-5.96973,57.0551,1
GM/SI-162,Roineval,-6.6973,58.09325,1
GM/SI-163,South Lee,-7.15618,57.57256,1
GM/SI-164,Scalla Field,-1.2975,60.29763,1
GM/SI-165,Greabhal,-7.04399,57.7916,1
GM/SI-166,Beinn Ruigh Choinnich,-7.2837,57.15651,1
GM/SI-167,Tom nam Fitheach,-6.12029,56.55954,1
GM/SI-168,Mid Hill,-3.15733,58.96043,1
GM/SI-169,Carnan,-7.65052,56.80848,1
GM/SI-170,Ben Raah,-7.00868,57.90767,1
GM/SI-171,Ward of Scousburgh,-1.30724,59.95237,1
GM/SI-172,North Lee,-7.14318,57.57936,1
GM/SI-173,Beinn Bhragair,-6.66597,58.29267,1
GM/SI-174,Conostom,-6.82033,58.1674,1
GM/SI-175,Arnaval,-7.32666,57.20791,1
GM/SI-176,Beinn na h-Iolaire,-6.00547,57.47882,1
GM/SI-177,Dalescord Hill,-1.28835,60.39802,1
GM/SI-178,Blotchnie Fiold,-3.01872,59.14315,1
GM/SI-179,Sandness Hill,-1.65521,60.28521,1
GM/SI-180,Carn Ban,-5.69379,56.39741,1
GM/SI-181,Sleiteachal Mhor,-6.72768,58.07029,1
GM/SI-182,Muirneag,-6.31014,58.35616,1
GM/SI-183,The Noup,-2.08374,60.12228,1
GM/SI-184,Easaval,-7.33231,57.11975,1
GM/SI-185,Beinn Tart a'Mhill,-6.44415,55.72572,1
GM/SI-186,Marrival,-7.34554,57.60695,1
GM/SI-187,Caultrashal Mor,-6.82472,58.10265,1
GM/SI-188,Ward of Bressay,-1.09671,60.12997,1
GM/SI-189,Wideford Hill,-3.02571,58.98765,1
GM/SI-190,Milldoe - Mid Tooin,-3.12093,59.06847,1
GM/SI-191,Keelylang Hill,-3.08349,58.97498,1
GM/SI-192,Seaforth Island,-6.72835,58.0006,1
GM/SI-193,Ward Hill,-1.63276,59.54591,1
GM/SI-194,Scrae Field,-1.2501,60.10782,1
GM/SI-195,Valla Field,-0.92935,60.74961,1
GM/SI-196,Carn a'Ghaill,-6.51582,57.06754,1
GM/SI-197,Hill of Arisdale,-1.10052,60.53809,1
GM/SI-198,Cairn Galtar,-7.51964,56.89301,1
GM/SI-199,Ben Cliad,-7.4749,57.0098,1
GM/SI-200,Forsnaval,-7.00564,58.21344,1
GM/SI-201,Beinn Mhor,-6.29429,55.58243,1
GM/SI-202,Roneval,-7.25941,57.10675,1
GM/SI-203,Beinn a'Charnain,-7.22719,57.77784,1
GM/SI-204,Stac an Armin,-8.49723,57.88065,1
GM/SI-205,Sotan,-7.65411,56.78525,1
GM/SI-206,Beinn Bhreac,-6.39334,58.02221,1
GM/SI-207,Beinn Mhor,-7.20453,57.66807,1
GM/SI-208,Heishival Mor,-7.54833,56.93509,1
GM/SI-209,Ben Scrien,-7.29151,57.08003,1
GM/SI-210,Noss Head,-1.00463,60.13975,1
GM/SI-211,Crogary Mor,-7.25102,57.63931,1
GM/SI-212,Bioda Mor,-8.56124,57.79564,1
GM/SI-213,White Grunafirth,-1.49991,60.50938,1
GM/SI-214,Stac Lee,-8.51022,57.86651,1
GM/SI-215,Mid Ward,-1.42142,60.36973,1
GM/SI-216,The Hoe,-7.58984,56.85136,1
GM/SI-217,Fitty Hill,-3.00262,59.28643,1
GM/SI-218,Mullach Buidhe,-6.36507,57.90214,1
GM/SI-219,Vord Hill,-0.86433,60.62021,1
GM/SI-220,Gometra,-6.28854,56.49056,1
GM/SI-221,Crogary na Hoe,-7.07161,57.63978,1
GM/SI-222,Muldoanich,-7.44341,56.91864,1
GM/SI-223,Sail Chalmadale,-5.31303,55.60969,1
GM/SS-001,Ben More,-4.54009,56.38595,10
GM/SS-002,Stob Binnein,-4.53575,56.37072,10
GM/SS-003,Ben Lui,-4.81051,56.397,10
GM/SS-004,Cruach Ardrain,-4.57615,56.35643,8
GM/SS-005,Ben Oss,-4.77549,56.38927,8
GM/SS-006,Beinn Ime,-4.81712,56.23679,8
GM/SS-007,An Caisteal,-4.62437,56.3386,6
GM/SS-008,Ben Vorlich,-4.21945,56.34268,6
GM/SS-009,Beinn Dubhchraig,-4.74319,56.3913,6
GM/SS-010,Stuc a'Chroin,-4.23753,56.32932,6
GM/SS-011,Ben Lomond,-4.63301,56.19029,6
GM/SS-012,Beinn Bhuidhe,-4.90672,56.32666,6
GM/SS-013,Ben Vorlich,-4.75505,56.27402,6
GM/SS-014,Beinn Chabhair,-4.64149,56.32578,6
GM/SS-015,Ben Chonzie,-3.99206,56.45385,6
GM/SS-016,Beinn Narnain,-4.789,56.22095,6
GM/SS-017,Ben Vane,-4.78165,56.24979,6
GM/SS-018,Beinn an Lochain,-4.87624,56.23008,6
GM/SS-019,Creagan na Beinne,-4.04169,56.50693,4
GM/SS-020,The Cobbler (Ben Arthur),-4.80804,56.21304,4
GM/SS-021,Beinn Chuirn,-4.78987,56.42389,4
GM/SS-022,Creag Uchdag,-4.09811,56.46528,4
GM/SS-023,Ben Ledi,-4.32237,56.25866,4
GM/SS-024,Stob a'Choin,-4.56016,56.30967,4
GM/SS-025,Beinn Luibhean,-4.83634,56.23124,4
GM/SS-026,Meall an t-Seallaidh,-4.36258,56.38042,4
GM/SS-027,Ben Donich,-4.87329,56.19793,4
GM/SS-028,Merrick,-4.46841,55.13927,4
GM/SS-029,Broad Law,-3.35273,55.49813,4
GM/SS-030,White Coomb,-3.32363,55.42258,4
GM/SS-031,Benvane,-4.36843,56.2933,4
GM/SS-032,Stob Coire Creagach,-4.85797,56.2577,4
GM/SS-033,Corserine,-4.35913,55.15508,4
GM/SS-034,Beinn Each,-4.26218,56.31396,4
GM/SS-035,Meall na Fearna,-4.18432,56.34125,4
GM/SS-036,Creag MacRanaich,-4.35807,56.39988,4
GM/SS-037,Hart Fell,-3.40141,55.40805,4
GM/SS-038,Cairnsmore of Carsphairn,-4.21313,55.2561,4
GM/SS-039,Auchnafree Hill,-3.93467,56.45435,4
GM/SS-040,The Brack,-4.82855,56.18777,4
GM/SS-041,Beinn Bheula,-4.97147,56.14183,4
GM/SS-042,Shalloch on Minnoch,-4.50248,55.18365,4
GM/SS-043,Beinn Stacach,-4.4681,56.31472,4
GM/SS-044,Beinn a'Choin,-4.65995,56.28108,4
GM/SS-045,Meall an Fhudair,-4.79886,56.33388,4
GM/SS-046,Cnoc Coinnich,-4.84655,56.16661,4
GM/SS-047,Shee of Ardtalnaig,-4.06498,56.49139,4
GM/SS-048,The Stob,-4.44453,56.3768,4
GM/SS-049,Culter Fell,-3.50269,55.54623,4
GM/SS-050,Meall Mor,-4.61368,56.30109,4
GM/SS-051,Meall nan Gabhar,-4.85848,56.37552,4
GM/SS-052,Dun Rig,-3.18597,55.57188,4
GM/SS-053,Beinn Mhor,-5.04162,56.07261,4
GM/SS-054,Doune Hill,-4.75252,56.13585,4
GM/SS-055,Stob an Eas,-4.92857,56.22443,4
GM/SS-056,Green Lowther,-3.73751,55.38987,4
GM/SS-057,Beinn na Gainimh,-3.89005,56.48786,4
GM/SS-058,Ben Venue,-4.46199,56.22501,4
GM/SS-059,Ben Cleuch,-3.76949,56.18568,4
GM/SS-060,Meall Buidhe,-4.30865,56.41902,4
GM/SS-061,Lamachan Hill,-4.45154,55.06275,4
GM/SS-062,Beinn Chaorach,-4.75444,56.09333,4
GM/SS-063,Creag Ruadh,-4.15218,56.4368,4
GM/SS-064,Tinto,-3.66255,55.59169,4
GM/SS-065,Cairnsmore of Fleet,-4.34331,54.97546,4
GM/SS-066,Beinn a'Mhanaich,-4.78527,56.11276,4
GM/SS-068,Beinn Eich,-4.73235,56.11464,4
GM/SS-069,Beinn Lochain,-4.96443,56.16269,4
GM/SS-070,Blackcraig Hill,-4.13345,55.33308,4
GM/SS-071,Windy Standard,-4.17438,55.28796,2
GM/SS-072,Queensberry,-3.59308,55.28147,2
GM/SS-073,Mullwharchar,-4.42733,55.14987,2
GM/SS-074,Ettrick Pen,-3.26353,55.35621,2
GM/SS-075,Ballencleuch Law,-3.6792,55.32724,2
GM/SS-076,Meall Dearg,-3.81277,56.5522,2
GM/SS-077,Gathersnow Hill,-3.49215,55.51591,2
GM/SS-078,Stob Breac,-4.51206,56.31639,2
GM/SS-079,Beinn Damhain,-4.77904,56.31682,2
GM/SS-080,Cruach an t-Sidhein,-4.77678,56.12978,2
GM/SS-081,Beinn Bhreac,-4.70458,56.16365,2
GM/SS-082,Capel Fell,-3.31998,55.34907,2
GM/SS-083,Andrewhinney Hill,-3.26896,55.41222,2
GM/SS-084,Creag Each,-4.1854,56.4103,2
GM/SS-085,Uamh Bheag,-4.11566,56.28102,2
GM/SS-086,Beinn Ruadh,-4.96319,56.05319,2
GM/SS-087,Windlestraw Law,-3.00134,55.67725,2
GM/SS-088,Creag Mhor,-4.41125,56.33547,2
GM/SS-090,Beinn Dubh,-4.70232,56.12948,2
GM/SS-091,Meall Odhar,-4.76172,56.43005,2
GM/SS-092,Millfore,-4.38383,55.05024,2
GM/SS-093,Fiarach,-4.68344,56.39854,2
GM/SS-094,Blackhope Scar,-3.09195,55.72351,2
GM/SS-095,Sgiath a'Chaise,-4.29179,56.32361,2
GM/SS-096,Craignaw,-4.4176,55.12038,2
GM/SS-097,Creag Tharsuinn,-5.07378,56.07641,2
GM/SS-098,Mor Bheinn,-4.07971,56.36537,2
GM/SS-099,Creag Gharbh,-4.22151,56.46677,2
GM/SS-100,Croft Head,-3.33675,55.33759,2
GM/SS-101,Beinn Bhalgairean,-4.91212,56.37499,2
GM/SS-102,Cruinn a'Bheinn,-4.63709,56.21074,2
GM/SS-103,Tullich Hill,-4.74995,56.16785,2
GM/SS-104,Meall nan Caorach,-3.74125,56.48489,2
GM/SS-105,Meall Reamhar,-3.75168,56.47907,2
GM/SS-106,Cauldcleuch Head,-2.85743,55.29725,2
GM/SS-107,Beinn Bheag,-5.01459,56.09435,2
GM/SS-108,Cruach nam Mult,-4.95499,56.20797,2
GM/SS-109,Cruach nan Capull,-5.05288,55.97107,2
GM/SS-110,Cruach Neuran,-5.07366,55.99294,2
GM/SS-111,Cruach nam Miseag,-4.92615,56.14111,2
GM/SS-112,Well Hill,-3.71427,55.34011,2
GM/SS-113,Sgorach Mor,-5.05516,56.01994,2
GM/SS-114,Greatmoor Hill,-2.80505,55.29766,2
GM/SS-115,Beinn Uamha,-4.60432,56.22725,2
GM/SS-116,Colt Hill,-4.04951,55.26804,2
GM/SS-117,Beinn Uird,-4.57828,56.15245,2
GM/SS-118,Wisp Hill,-2.96754,55.28443,2
GM/SS-119,Ward Law,-3.16726,55.4319,2
GM/SS-120,Cairn Table,-4.02087,55.49514,2
GM/SS-121,Cruach Mhor,-5.14029,56.28523,2
GM/SS-122,The Wiss,-3.16501,55.4739,2
GM/SS-123,Green Hill,-3.79744,55.39358,2
GM/SS-124,Binnean nan Gobhar,-4.54586,56.13729,2
GM/SS-125,Scald Law,-3.29217,55.83619,2
GM/SS-126,Earl's Seat,-4.29633,56.02569,2
GM/SS-127,Beinn an t-Sidhein,-4.35167,56.33076,2
GM/SS-128,Broughton Heights,-3.39542,55.65548,2
GM/SS-129,Meikle Bin,-4.13947,56.01392,2
GM/SS-130,Criffel,-3.62925,54.94056,2
GM/SS-131,Hods Hill,-3.57836,55.37297,2
GM/SS-132,Roan Fell,-2.86357,55.22918,2
GM/SS-133,Minch Moor,-3.01909,55.58693,2
GM/SS-134,Meall Gainmheich,-4.40738,56.25471,2
GM/SS-135,Craigenreoch,-4.61648,55.1859,2
GM/SS-136,Pikethaw Hill,-2.99361,55.27005,2
GM/SS-137,Stob Odhar,-5.49157,55.91154,2
GM/SS-139,Cairnkinna Hill,-3.90563,55.29594,2
GM/SS-140,Turner Cleuch Law,-3.12881,55.47264,2
GM/SS-141,Beinn Ghlas,-5.02278,56.31818,2
GM/SS-142,Scaw'd Fell,-3.34171,55.31195,2
GM/SS-143,Trahenna Hill,-3.37367,55.62252,2
GM/SS-144,Deuchar Law,-3.13502,55.55576,2
GM/SS-145,Penvalla,-3.35115,55.64237,2
GM/SS-146,Ellson Fell,-2.9297,55.2771,2
GM/SS-147,Wether Hill,-4.0509,55.22491,2
GM/SS-148,Meikle Says Law,-2.67041,55.84703,2
GM/SS-149,Ben Clach,-4.00727,56.31322,2
GM/SS-150,Craiglee,-4.41213,55.09174,2
GM/SS-151,Beinn Bhreac,-5.18458,56.24382,2
GM/SS-152,Craiglee,-4.40652,55.23667,2
GM/SS-153,Black Craig,-5.01825,55.94054,2
GM/SS-154,West Lomond,-3.29684,56.24546,2
GM/SS-155,Hill of Stake,-4.7579,55.8293,2
GM/SS-156,Nutberry Hill,-3.99432,55.58189,2
GM/SS-158,Black Mount,-3.46542,55.69842,2
GM/SS-159,Beinn Ghlas,-5.30985,56.38171,2
GM/SS-160,Beinn Chapull,-5.33735,56.32379,2
GM/SS-161,Larriston Fell,-2.67899,55.22121,2
GM/SS-162,Beinn Dubh,-4.57389,56.20633,2
GM/SS-163,Stronend,-4.20403,56.0784,2
GM/SS-164,Kirkland Hill,-4.00568,55.42405,2
GM/SS-165,Dungavel Hill,-3.67758,55.55722,2
GM/SS-166,Cruach an Lochain,-5.13743,56.09752,2
GM/SS-167,Black Hill,-3.29829,55.85493,2
GM/SS-168,Law Kneis,-3.11855,55.40658,1
GM/SS-169,Innerdouny Hill,-3.56347,56.2485,1
GM/SS-170,Cairnsmore (Black Craig of Dee),-4.21863,55.0563,1
GM/SS-171,Allermuir Hill,-3.23718,55.8825,1
GM/SS-172,Lamington Hill,-3.58439,55.55778,1
GM/SS-173,Carn Duchara,-5.40191,56.23814,1
GM/SS-174,Common Hill,-3.91678,55.55573,1
GM/SS-175,Carleatheran,-4.11103,56.10157,1
GM/SS-176,Steele's Knowe,-3.66489,56.25324,1
GM/SS-177,Wether Law,-3.28366,55.7221,1
GM/SS-178,Craignell,-4.33376,55.04911,1
GM/SS-179,Cacra Hill,-3.08023,55.44508,1
GM/SS-180,Creachan Dubh,-5.18948,56.07113,1
GM/SS-181,Fell of Fleet,-4.2436,55.01007,1
GM/SS-182,Spartleton,-2.55593,55.88182,1
GM/SS-183,Cruach Lusach,-5.55133,55.99065,1
GM/SS-184,Middlefield Law,-4.09238,55.55238,1
GM/SS-185,Beinn Lagan,-5.02848,56.15244,1
GM/SS-186,Benbeoch,-4.37415,55.3456,1
GM/SS-187,Bishop Hill,-3.31528,56.22494,1
GM/SS-188,Beinn Dubh Airigh,-5.29082,56.18053,1
GM/SS-189,Cruach nan Caorach,-5.22071,55.97471,1
GM/SS-190,Lendrick Hill,-3.58323,56.21581,1
GM/SS-191,Cairnharrow,-4.28752,54.87814,1
GM/SS-192,Craigowl Hill,-3.01496,56.54776,1
GM/SS-193,Beinn an Tuirc,-5.56662,55.56728,1
GM/SS-194,Cairn Hill,-3.81194,55.34387,1
GM/SS-195,Mendick Hill,-3.40072,55.7402,1
GM/SS-196,Calkin Rig,-3.11815,55.17778,1
GM/SS-197,Hownam Law,-2.3235,55.49075,1
GM/SS-198,East Lomond,-3.22125,56.24223,1
GM/SS-199,Blackwood Hill,-2.73832,55.25768,1
GM/SS-200,Cnoc Moy,-5.77127,55.37277,1
GM/SS-201,Beneraird,-4.92148,55.06601,1
GM/SS-202,Carn Dearg,-5.40343,56.31633,1
GM/SS-203,Goseland Hill,-3.47574,55.6007,1
GM/SS-204,Cruach nan Cuilean,-5.14049,56.0161,1
GM/SS-205,Bogrie Hill,-3.90159,55.15247,1
GM/SS-206,Beinn na Lice,-5.77939,55.3124,1
GM/SS-207,Beinn Dearg,-4.27657,56.20572,1
GM/SS-208,White Meldon,-3.2428,55.67279,1
GM/SS-209,Broomy Law,-3.45561,55.67078,1
GM/SS-210,Rubers Law,-2.66477,55.43224,1
GM/SS-211,Sell Moor Hill,-2.82812,55.69089,1
GM/SS-212,Meigle Hill,-2.84897,55.61472,1
GM/SS-213,Cnoc a'Bhaile-shios,-5.41113,55.81161,1
GM/SS-214,Eildon Mid Hill,-2.71824,55.58217,1
GM/SS-215,Beinn Ghlas,-5.23816,56.14372,1
GM/SS-216,Dumyat,-3.8766,56.15766,1
GM/SS-217,Fell Hill,-4.00645,55.13812,1
GM/SS-218,Cruach Tairbeirt,-4.72256,56.21539,1
GM/SS-219,Cademuir Hill,-3.20561,55.62689,1
GM/SS-220,Blaeloch Hill,-4.80126,55.75927,1
GM/SS-221,Birnam Hill - King's Seat,-3.57575,56.54355,1
GM/SS-222,Duncolm,-4.4515,55.966,1
GM/SS-223,Craig of Monievreckie,-4.34355,56.18828,1
GM/SS-224,Bennan,-3.84673,55.07313,1
GM/SS-225,Dirrington Great Law,-2.48257,55.78668,1
GM/SS-226,Sgreadan Hill,-5.57888,55.50743,1
GM/SS-227,Torlum,-3.91251,56.35061,1
GM/SS-228,Bishop Forest Hill,-3.80516,55.09777,1
GM/SS-229,Bengairn,-3.91732,54.87026,1
GM/SS-230,The Slate,-5.73726,55.3855,1
GM/SS-231,Deadh Choimhead,-5.32915,56.40532,1
GM/SS-232,Pibble Hill,-4.28904,54.91775,1
GM/SS-233,Cruach na Seilcheig,-5.46427,56.24343,1
GM/SS-234,Dumglow,-3.48911,56.15225,1
GM/SS-235,King's Seat,-3.25087,56.48284,1
GM/SS-236,Corse Hill,-4.23132,55.69138,1
GM/SS-237,A'Chruach,-5.39375,56.34286,1
GM/SS-238,Bengray,-4.13786,54.91424,1
GM/SS-239,Conic Hill,-4.52108,56.09859,1
GM/SS-240,The Fruin,-4.76912,56.04677,1
GM/SS-241,Wauk Hill,-3.82208,55.19914,1
GM/SS-242,Benarty Hill,-3.36423,56.16605,1
GM/SS-243,Beinn Ghuilean,-5.58723,55.39495,1
GM/SS-244,Belling Hill,-2.56677,55.39919,1
GM/SS-245,White Top of Culreoch,-4.18634,54.94534,1
GM/SS-246,Ailsa Craig,-5.1184,55.2528,1
GM/SS-247,Cruach nam Fearna,-5.51789,56.2784,1
GM/SS-248,Beinn Bhan,-5.45131,56.14268,1
GM/SS-249,Grange Fell,-3.18705,55.12595,1
GM/SS-250,Mochrum Fell,-3.99914,55.05335,1
GM/SS-251,Ben Bowie,-4.66431,56.01005,1
GM/SS-252,Cnoc nam Broighleag,-5.31287,56.09182,1
GM/SS-253,Black Hill,-2.65981,55.62494,1
GM/SS-254,Cairnpapple Hill,-3.62177,55.92276,1
GM/SS-255,Tom an t-Saighdeir,-5.2782,56.28609,1
GM/SS-256,Grey Hill,-4.88497,55.19525,1
GM/SS-258,Meall an Fhithich,-5.14564,56.39305,1
GM/SS-259,Largo Law,-2.92581,56.23388,1
GM/SS-260,Brown Carrick Hill,-4.7126,55.40738,1
GM/SS-261,Bainloch Hill,-3.72692,54.89627,1
GM/SS-262,Norman's Law,-3.12666,56.36917,1
GM/SS-263,Linton Hill,-2.33854,55.54483,1
GM/SS-264,Knock of Crieff,-3.82699,56.38934,1
GM/SS-265,Windy Hill,-5.1295,55.88202,1
GM/SS-266,Cnoc Reamhar,-5.58939,56.06179,1
GM/SS-267,Knockdolian,-4.96029,55.12163,1
GM/SS-268,Dun Leacainn,-5.16872,56.16655,1
GM/SS-269,Woodhead Hill,-3.67908,55.02468,1
GM/SS-270,Cruach Lerags,-5.50261,56.37438,1
GM/SS-271,Turin Hill,-2.79355,56.67115,1
GM/SS-272,Arthur's Seat,-3.16182,55.94408,1
GM/SS-274,See Morris Hill,-3.72018,55.08391,1
GM/SS-275,Cairnie Hill,-3.16696,56.32631,1
GM/SS-276,Moncreiffe Hill,-3.40049,56.36419,1
GM/SS-277,Mount Hill,-3.08377,56.33598,1
GM/SS-278,Beinn Mhor,-5.56332,56.3353,1
GM/SS-279,Carn Breugach,-5.54161,56.39198,1
GM/SS-280,North Berwick Law,-2.71376,56.04882,1
GM/SS-281,Cairn Pat,-5.04889,54.86363,1
GM/SS-282,East Cairn Hill,-3.39314,55.81923,2
GM/SS-283,Coraddie,-5.12492,55.95411,2
GM/SS-284,Creag na Ciche,-3.6491,56.49688,1
GM/SS-285,Killyleoch Hill,-3.75992,55.11999,1
GM/SS-286,Lamberton Hill,-2.0903,55.82107,1
GM/SS-287,Kirriereoch Hill,-4.47965,55.15165,4
GM/SS-288,Creag na h-Eararuidh [Stuc na Cabaig],-4.12896,56.34503,4
GM/SS-289,White Hill,-3.50992,55.13499,1
GM/WS-001,Ben Nevis,-5.00367,56.79689,10
GM/WS-002,Aonach Beag,-4.95412,56.8,10
GM/WS-003,Carn Mor Dearg,-4.98662,56.80524,10
GM/WS-004,Carn Eige,-5.11516,57.2877,10
GM/WS-005,Stob Choire Claurigh,-4.84962,56.82379,10
GM/WS-006,Sgurr nan Ceathreamhnan,-5.22273,57.25491,10
GM/WS-007,Bidean nam Bian,-5.02934,56.64277,10
GM/WS-008,Sgurr na Lapaich,-5.05973,57.36931,10
GM/WS-009,Ben Alder,-4.46509,56.8138,10
GM/WS-010,Geal-Charn,-4.50969,56.83784,10
GM/WS-011,Binnein Mor,-4.9258,56.75438,10
GM/WS-012,An Riabhachan,-5.10473,57.36244,10
GM/WS-013,Ben Cruachan,-5.13183,56.42684,10
GM/WS-014,A'Chralaig,-5.15484,57.18419,10
GM/WS-015,Stob Coire Easain,-4.77371,56.8182,10
GM/WS-016,Sgurr nan Conbhairean,-5.09541,57.17762,10
GM/WS-017,Meall a'Bhuiridh,-4.85213,56.61222,10
GM/WS-018,Mullach Fraoch-choire,-5.15565,57.20538,10
GM/WS-019,Creise,-4.87199,56.61445,8
GM/WS-020,Sgurr a'Mhaim,-5.00369,56.75592,8
GM/WS-021,Sgurr Choinnich Mor,-4.90396,56.80043,8
GM/WS-022,Stob Ghabhar,-4.8821,56.5681,8
GM/WS-023,Beinn a'Chlachair,-4.50968,56.86953,8
GM/WS-024,Sgurr a'Choire Ghlais,-4.90376,57.44429,8
GM/WS-025,Ben Starav,-5.04975,56.53892,8
GM/WS-026,An Socach,-5.1586,57.35023,8
GM/WS-027,Sgurr Fhuaran,-5.34765,57.19615,8
GM/WS-028,Liathach - Spidean a'Choire Leith,-5.46361,57.56419,8
GM/WS-029,Toll Creagach,-4.99995,57.30923,8
GM/WS-030,Sgurr a'Chaorachain,-5.1893,57.4525,8
GM/WS-031,Geal Charn,-4.45724,56.89776,8
GM/WS-032,Chno Dearg,-4.66083,56.83009,8
GM/WS-033,Stob Coir'an Albannaich,-4.97981,56.5549,8
GM/WS-034,Sgurr na Ciche,-5.4569,57.01347,8
GM/WS-035,Sgurr a'Bhealaich Dheirg,-5.25218,57.17783,8
GM/WS-036,Gleouraich,-5.23804,57.09716,8
GM/WS-037,Am Bodach,-4.98339,56.74173,8
GM/WS-038,Carn Dearg,-4.45469,56.85524,8
GM/WS-039,Beinn Fhada,-5.2835,57.221,8
GM/WS-040,Sgurr a'Mhaoraich,-5.33051,57.10585,8
GM/WS-041,Sgurr na Ciste Duibhe,-5.33713,57.18092,8
GM/WS-042,Beinn a'Bheithir - Sgorr Dhearg,-5.17151,56.65392,8
GM/WS-043,Liathach - Mullach an Rathain,-5.4925,57.56087,8
GM/WS-044,Buachaille Etive Mor - Stob Dearg,-4.90033,56.64623,8
GM/WS-045,Aonach air Chrith,-5.22129,57.12464,8
GM/WS-046,Ladhar Bheinn,-5.59174,57.07526,8
GM/WS-047,Beinn Bheoil,-4.43066,56.81327,8
GM/WS-048,Garbh Chioch Mhor,-5.44432,57.00856,8
GM/WS-049,Sgurr Eilde Mor,-4.89544,56.75002,8
GM/WS-050,Sgurr an Doire Leathain,-5.28153,57.13688,8
GM/WS-051,The Saddle,-5.41472,57.1624,8
GM/WS-052,Beinn Eighe - Ruadh-stac Mor,-5.42945,57.59373,8
GM/WS-053,Maoile Lunndaidh,-5.11765,57.45957,8
GM/WS-054,Beinn Fhionnlaidh,-5.12991,57.30598,8
GM/WS-055,Sgurr Mor,-5.35419,57.02845,8
GM/WS-056,Aonach Meadhoin,-5.22917,57.17303,8
GM/WS-057,Beinn a'Bheithir - Sgorr Dhonuill,-5.19776,56.6505,8
GM/WS-058,Stob Ban,-5.03033,56.74371,6
GM/WS-059,Glas Bheinn Mhor,-5.00527,56.54242,6
GM/WS-060,Spidean Mialach,-5.19361,57.08896,6
GM/WS-061,Sgor na h-Ulaidh,-5.08006,56.6198,6
GM/WS-062,Sgurr na Ruaidhe,-4.85247,57.4415,6
GM/WS-063,Beinn Eighe - Spidean Coire nan Clach,-5.40371,57.5821,6
GM/WS-064,Carn nan Gobhar,-5.02454,57.3633,6
GM/WS-065,Beinn Eunaich,-5.02664,56.45035,6
GM/WS-066,Gaor Bheinn (Gulvain),-5.28451,56.93621,6
GM/WS-067,Lurg Mhor,-5.22367,57.41309,6
GM/WS-068,Beinn Alligin - Sgurr Mhor,-5.57276,57.59082,6
GM/WS-069,An Gearanach,-4.96623,56.75917,6
GM/WS-070,Ciste Dhubh,-5.20903,57.19923,6
GM/WS-071,Beinn a'Chochuill,-5.06854,56.44978,6
GM/WS-072,Stob Ban,-4.84088,56.81066,6
GM/WS-073,Beinn Sgritheall,-5.57971,57.15382,6
GM/WS-074,Aonach Eagach - Sgor nam Fiannaidh,-5.03713,56.67937,6
GM/WS-075,Sgurr Thuilm,-5.38921,56.93706,6
GM/WS-076,Beinn nan Aighenan,-5.01125,56.52022,6
GM/WS-077,Sgorr Ruadh,-5.40775,57.49862,6
GM/WS-078,Beinn Fhionnlaidh,-5.10475,56.60098,6
GM/WS-079,Buachaille Etive Beag - Stob Dubh,-4.97075,56.63816,6
GM/WS-080,Sgurr nan Coireachan,-5.44855,56.93573,6
GM/WS-081,Sgor Gaibhre,-4.5465,56.77255,6
GM/WS-082,Sgurr nan Coireachan,-5.40544,57.00716,6
GM/WS-083,Stob a'Choire Odhair,-4.8383,56.57331,6
GM/WS-084,Meall Buidhe,-5.54633,57.03155,6
GM/WS-085,Sgurr na Sgine,-5.39663,57.1471,6
GM/WS-086,Bidein a'Choire Sheasgaich,-5.25047,57.41972,6
GM/WS-087,Binnein Beag,-4.91116,56.76696,6
GM/WS-088,Carn Dearg,-4.58989,56.75993,6
GM/WS-089,Luinne Bheinn,-5.51361,57.04832,6
GM/WS-090,Beinn Sgulaird,-5.17036,56.56623,6
GM/WS-091,Beinn na Lap,-4.65999,56.78939,6
GM/WS-092,Sron a'Choire Ghairbh,-4.92875,57.00784,6
GM/WS-093,Maol Chean-dearg,-5.46555,57.4917,6
GM/WS-094,Meall nan Eun,-4.94293,56.56118,6
GM/WS-095,Moruisg,-5.17063,57.49971,6
GM/WS-096,Buachaille Etive Beag-Stob Coire Raineach,-4.9516,56.64989,6
GM/WS-097,Beinn Liath Mhor,-5.40062,57.51208,6
GM/WS-098,Beinn Alligin - Tom na Gruagaich,-5.58191,57.58052,6
GM/WS-099,Gairich,-5.25583,57.04488,6
GM/WS-100,Creag nan Damh,-5.33496,57.14726,6
GM/WS-101,A'Ghlas-bheinn,-5.30369,57.25508,6
GM/WS-102,Meall na Teanga,-4.93095,56.98901,6
GM/WS-103,Sgurr nan Ceannaichean,-5.19232,57.48231,6
GM/WS-104,Beinn Dearg,-5.52287,57.58818,6
GM/WS-105,Sgurr a'Choire-bheithe,-5.4713,57.05722,6
GM/WS-106,The Fara,-4.30485,56.92837,6
GM/WS-107,Streap,-5.37554,56.923,6
GM/WS-108,Beinn Maol Chaluim,-5.04194,56.62786,6
GM/WS-109,Fuar Tholl,-5.37919,57.48537,6
GM/WS-110,Leum Uilleim,-4.73076,56.73893,6
GM/WS-111,Beinn Damh,-5.51815,57.49285,6
GM/WS-112,Ben Tee,-4.90071,57.03223,6
GM/WS-113,Sgurr an Fhuarain,-5.31788,57.02887,6
GM/WS-114,Aonach Buidhe,-5.22931,57.34116,4
GM/WS-115,Beinn a'Bhuiridh,-5.09028,56.40908,4
GM/WS-116,Ruadh-stac Beag,-5.39397,57.59638,4
GM/WS-117,Beinn Bhan,-5.66169,57.44235,4
GM/WS-118,Sgurr nan Eugallt,-5.42264,57.08796,4
GM/WS-119,An Ruadh-stac,-5.46827,57.47498,4
GM/WS-120,Aonach Shasuinn,-5.02685,57.21638,4
GM/WS-121,Sgurr Dhomhnuill,-5.45379,56.75466,4
GM/WS-122,Ben Aden,-5.46314,57.03074,4
GM/WS-123,Meall a'Ghiubhais,-5.3902,57.61518,4
GM/WS-125,Garbh Bheinn,-5.42501,56.70445,4
GM/WS-126,Stob Dubh,-4.98811,56.59541,4
GM/WS-127,Beinn Odhar Bheag,-5.53239,56.84221,4
GM/WS-128,Rois-Bheinn,-5.68043,56.83763,4
GM/WS-129,Sgurr Mhurlagain,-5.27368,56.99847,4
GM/WS-130,Fraochaidh,-5.21362,56.61568,4
GM/WS-131,Sgurr a'Mhuilinn,-4.90229,57.55838,4
GM/WS-132,Sguman Coinntich,-5.3613,57.31879,4
GM/WS-133,Baosbheinn,-5.56862,57.62825,4
GM/WS-134,Sgurr na Ba Glaise,-5.65687,56.83744,4
GM/WS-135,Sgorr nan Lochan Uaine,-5.39326,57.52277,4
GM/WS-136,Meall na Meoig,-4.53898,56.74361,4
GM/WS-137,Faochaig,-5.28804,57.33292,4
GM/WS-138,Garbh Bheinn,-4.99143,56.69659,4
GM/WS-139,Bidein a'Chabair,-5.47552,56.98035,4
GM/WS-140,Beinn Mhic Chasgaig,-4.89948,56.61006,4
GM/WS-141,Carn a'Choire Ghairbh,-5.08763,57.2226,4
GM/WS-142,Beinn Tharsuinn,-5.24195,57.43867,4
GM/WS-143,Sgurr na Feartaig,-5.24365,57.45705,4
GM/WS-144,Beinn a'Bha'ach Ard,-4.73392,57.45193,4
GM/WS-145,Fraoch Bheinn,-5.31691,56.99347,4
GM/WS-146,Beinn a'Chrulaiste,-4.86353,56.6689,4
GM/WS-147,Cruach Innse,-4.82194,56.84683,4
GM/WS-148,Beinn Bhuidhe,-5.58915,57.0101,4
GM/WS-149,Beinn an Eoin,-5.50978,57.62284,4
GM/WS-150,Creach Bheinn,-5.4762,56.66198,4
GM/WS-151,Bac an Eich,-4.96827,57.49576,4
GM/WS-152,Sgurr Ghiubhsachain,-5.48256,56.81895,4
GM/WS-153,Beinn Resipol,-5.65261,56.72719,4
GM/WS-154,Sgurr an Airgid,-5.41551,57.24858,4
GM/WS-155,Beinn Trilleachan,-5.11443,56.54798,4
GM/WS-156,Beinn Udlaidh,-4.79255,56.46007,4
GM/WS-157,Meallan nan Uan,-4.90303,57.54692,4
GM/WS-158,Sgurr Gaorsaic,-5.25694,57.24526,4
GM/WS-159,Meall na h-Eilde,-4.9896,57.00704,4
GM/WS-160,Sgurr Cos na Breachd-laoidh,-5.37875,56.99756,4
GM/WS-161,Carn Mor,-5.45074,56.96201,4
GM/WS-162,Sgorr na Diollaid,-4.86,57.38424,4
GM/WS-163,An Sidhean,-5.05078,57.46181,4
GM/WS-164,An Stac,-5.67012,56.85099,4
GM/WS-165,Creach Bheinn,-5.21502,56.53049,4
GM/WS-166,Sgurr Innse,-4.80398,56.83331,4
GM/WS-167,Beinn na h-Eaglaise,-5.54869,57.14863,4
GM/WS-168,Geal Charn,-5.03753,57.0026,4
GM/WS-169,Beinn Bhreac-liath,-4.75652,56.46672,4
GM/WS-170,Am Bathach,-5.18914,57.17926,4
GM/WS-171,Beinn Dronaig,-5.26794,57.39157,4
GM/WS-172,Beinn Mhic-Mhonaidh,-4.90974,56.47307,4
GM/WS-173,Mam na Gualainn,-5.08157,56.71643,4
GM/WS-174,Sgurr Coire Choinnichean,-5.64392,57.04764,4
GM/WS-175,Beinn Bhan,-5.05684,56.92525,4
GM/WS-176,Sgurr an Utha,-5.47448,56.89872,4
GM/WS-177,Glas Bheinn,-4.84789,56.73608,4
GM/WS-178,Sgurr a'Ghaoiachain,-5.67039,57.41255,4
GM/WS-179,Druim nan Cnamh,-5.08928,57.12204,4
GM/WS-180,Meall Dubh,-4.90043,57.12792,4
GM/WS-181,Carn na Nathrach,-5.46075,56.7724,4
GM/WS-182,Beinn na Caillich,-5.64034,57.09827,4
GM/WS-183,Beinn Mhic Cedidh,-5.56306,56.84985,4
GM/WS-184,Sgurr Dubh,-5.37879,57.54691,4
GM/WS-185,Sgurr Mhic Bharraich,-5.44869,57.19958,4
GM/WS-186,Sgorr Craobh a'Chaorainn,-5.45052,56.82583,4
GM/WS-187,Meall a'Phubuill,-5.23903,56.91801,4
GM/WS-188,Beinn nan Caorach,-5.52043,57.15047,4
GM/WS-189,Meall Lighiche,-5.1075,56.62848,4
GM/WS-190,Stob Coire a'Chearcaill,-5.24961,56.80325,4
GM/WS-191,Druim Tarsuinn,-5.48213,56.7975,4
GM/WS-192,Fuar Bheinn,-5.50307,56.64949,4
GM/WS-193,Braigh nan Uamhachan,-5.32867,56.92688,4
GM/WS-194,Beinn na h-Uamha,-5.40752,56.74278,4
GM/WS-195,Sgurr a'Chaorainn,-5.44352,56.7398,4
GM/WS-196,Beinn a'Chapuill,-5.58289,57.17319,4
GM/WS-197,Sgurr Choinich,-5.0849,57.00776,4
GM/WS-198,Binnein Shuas,-4.52593,56.90985,4
GM/WS-199,Druim Fada - Stob a'Ghrianain,-5.14227,56.89341,4
GM/WS-200,Sgorr na Ciche (Pap of Glencoe),-5.06289,56.68882,4
GM/WS-201,Stob na Cruaiche,-4.67265,56.67692,4
GM/WS-202,Cnap Cruinn,-4.78515,56.85766,4
GM/WS-203,Beinn Mheadhoin,-5.58735,56.60307,4
GM/WS-204,Beinn na h-Eaglaise,-5.49321,57.51296,4
GM/WS-205,Beinn Bheag,-5.40937,56.71674,4
GM/WS-206,Druim na Sgriodain,-5.3069,56.73819,4
GM/WS-207,Glas Bheinn,-5.0106,56.98195,4
GM/WS-208,Sgurr a'Gharaidh,-5.52731,57.44017,4
GM/WS-209,Carnan Cruithneachd,-5.32862,57.27891,4
GM/WS-210,Mullach Coire nan Geur-oirean,-5.20963,56.95351,4
GM/WS-211,Beinn Bhreac,-5.23855,56.51776,4
GM/WS-212,Beinn a'Chearcaill,-5.46576,57.61622,4
GM/WS-213,Meall nan Damh,-5.41027,56.81526,4
GM/WS-214,Stob Mhic Bheathain,-5.4165,56.78713,4
GM/WS-215,An Stac,-5.5086,56.94209,4
GM/WS-216,Beinn Mheadhonach,-5.21722,56.48238,4
GM/WS-217,Druim Fada,-5.4791,57.1176,4
GM/WS-218,Meith Bheinn,-5.58142,56.92517,4
GM/WS-219,Beinn nan Lus,-5.03797,56.493,4
GM/WS-220,Carn a'Chaochain,-4.92435,57.21674,4
GM/WS-221,An Cruachan,-5.1719,57.37325,4
GM/WS-222,Meall Garbh,-4.97703,56.48682,4
GM/WS-223,Sgurr nan Cnamh,-5.45535,56.72255,4
GM/WS-224,Slat Bheinn,-5.44906,57.06816,4
GM/WS-225,Meall Fuar-mhonaidh,-4.56003,57.26445,2
GM/WS-226,Beinn na Muice,-4.96746,57.41741,2
GM/WS-227,Beinn Molurgainn,-5.22022,56.51084,2
GM/WS-228,Meall Onfhaidh,-5.2691,56.9052,2
GM/WS-229,Carn Mhic an Toisich,-4.80016,57.22673,2
GM/WS-230,Meall a'Chrathaich,-4.71948,57.25999,2
GM/WS-231,Meall na Faochaig,-4.91191,57.52901,2
GM/WS-232,Carn na Breabaig,-5.21244,57.32087,2
GM/WS-233,Carn Breac,-5.26444,57.52575,2
GM/WS-234,Meall Mor,-5.09143,56.65697,2
GM/WS-235,Beinn Suidhe,-4.90835,56.51839,2
GM/WS-236,Carn Gorm,-4.78176,57.37925,2
GM/WS-237,Carn na Coinnich,-4.79911,57.51853,2
GM/WS-238,An Ruadh-mheallan,-5.6222,57.59114,2
GM/WS-239,Binnein Shios,-4.47931,56.93813,2
GM/WS-240,Meall nan Eun,-5.46188,57.09016,2
GM/WS-241,Beinn Gaire,-5.63685,56.81236,2
GM/WS-242,Meall Tairbh,-4.84304,56.49774,2
GM/WS-243,Sgorr a'Choise,-5.12603,56.64885,2
GM/WS-244,Aodann Chleireig,-5.29374,56.89078,2
GM/WS-245,Beinn Mheadhoin,-4.90635,57.48659,2
GM/WS-246,Croit Bheinn,-5.59028,56.83561,2
GM/WS-247,Meall nan Eagan,-4.30908,56.95712,2
GM/WS-248,Meall Blair,-5.16757,57.00639,2
GM/WS-249,Beinn na Cille,-5.50051,56.63047,2
GM/WS-250,Glas-bheinn Mhor,-4.59393,57.27221,2
GM/WS-251,Sgorr Mhic Eacharna,-5.38603,56.71298,2
GM/WS-252,Beinn Donachain,-4.92323,56.44258,2
GM/WS-253,Beinn na Cloiche,-4.8064,56.74379,2
GM/WS-254,Biod an Fhithich,-5.39175,57.17754,2
GM/WS-255,Beinn Clachach,-5.49566,57.14031,2
GM/WS-256,Beinn na Sroine,-4.86473,56.41954,2
GM/WS-257,Glas Bheinn,-5.37859,56.82766,2
GM/WS-258,Glas-charn,-5.53758,56.89482,2
GM/WS-259,Beinn a'Chlachain,-5.79751,57.47439,2
GM/WS-260,Beinn na Feusaige,-5.19248,57.53782,2
GM/WS-261,Tom Meadhoin,-5.12653,56.71136,2
GM/WS-262,Creag Ghuanach,-4.78421,56.78144,2
GM/WS-263,Beinn na Gucaig,-5.16877,56.73928,2
GM/WS-264,Creag Dhubh Mhor,-5.35987,57.40976,2
GM/WS-265,Beinn a'Mheadhoin,-4.9572,57.28579,2
GM/WS-266,Burach,-4.67755,57.18953,2
GM/WS-267,Beinn a'Chuirn,-5.53133,57.23899,2
GM/WS-268,Sidhean Mor,-5.7317,56.91508,2
GM/WS-269,Meallan Odhar Doire nan Gillean,-5.06971,57.39293,2
GM/WS-270,Beinn Dubh an Iaruinn,-5.02743,57.40694,2
GM/WS-271,Cruban Beag,-4.19376,57.00399,2
GM/WS-272,Beinn Mheadhonach,-5.15038,56.54342,2
GM/WS-273,Druim a'Chuirn,-5.57337,56.93865,2
GM/WS-274,Beinn nam Beathrach,-5.6686,56.65299,2
GM/WS-275,Sgurr Marcasaidh,-4.75546,57.59336,2
GM/WS-276,Druim Leathad nam Fias,-5.3473,56.77919,2
GM/WS-277,Creag na Doire Duibhe,-4.28074,56.98562,2
GM/WS-278,Beinn nan Cabar,-5.67293,56.91629,2
GM/WS-279,Beinn a'Chuirn,-4.89765,56.49407,2
GM/WS-280,Doire Ban,-5.12296,56.73185,2
GM/WS-281,Meall a'Bhainne,-5.44298,56.85051,2
GM/WS-282,Beinn Duirinnis,-5.21377,56.46334,2
GM/WS-283,Sidhean na Raplaich,-5.85245,56.5973,2
GM/WS-284,An Grianan,-5.13577,56.58278,2
GM/WS-285,Beinn Churalain,-5.27219,56.56395,2
GM/WS-286,Leathad Mor,-4.64466,56.62289,2
GM/WS-287,Beinn Mhialairigh,-5.63889,57.15369,2
GM/WS-288,Carn a'Ghobhair,-5.76131,57.00233,2
GM/WS-289,Meall Sguman,-5.28255,57.28813,2
GM/WS-290,Creag Dhubh,-4.94378,57.25102,2
GM/WS-291,Creag Loch nan Dearcag,-4.78829,57.56983,2
GM/WS-292,Ben Shieldaig,-5.61837,57.50982,2
GM/WS-293,Bidein Bad na h-Iolaire,-5.08797,56.7905,2
GM/WS-294,Ben Hiant,-6.02347,56.69598,2
GM/WS-295,Druim na Cluain-airighe,-5.71045,57.06714,2
GM/WS-296,Meall Luidh Mor,-4.59961,56.88173,2
GM/WS-297,An Staonach,-5.62055,57.47101,2
GM/WS-298,An Sleaghach,-5.63614,56.52938,2
GM/WS-299,Ben Laga,-5.84665,56.69117,2
GM/WS-300,Sron Smeur,-4.53063,56.70749,2
GM/WS-301,Creag Bhan,-5.64327,56.90016,2
GM/WS-302,Beinn Leamhain,-5.33882,56.7075,2
GM/WS-303,Glas Bheinn,-4.72625,56.58786,2
GM/WS-304,Carn a'Bhodaich,-4.38201,57.40538,2
GM/WS-305,Meall Mor,-4.76458,56.58527,1
GM/WS-306,Meall nan Each,-5.87055,56.71019,1
GM/WS-307,Carn nan Iomairean,-5.46941,57.35938,1
GM/WS-308,Beinn Chlaonleud,-5.6726,56.62615,1
GM/WS-309,A'Bheinn Bhan,-5.36081,56.74486,1
GM/WS-310,Beinn Donn,-5.32089,56.57688,1
GM/WS-311,Meall an t-Slamain,-5.16205,56.81684,1
GM/WS-312,Beinn Sgluich,-5.31488,56.60886,1
GM/WS-313,Bidein Clann Raonaild,-5.257,57.58071,1
GM/WS-314,Meall na h-Eilrig,-4.43362,57.36044,1
GM/WS-315,Beinn na h-Uamha,-5.77943,56.6153,1
GM/WS-316,Carn Fiaclach,-4.8585,57.30325,1
GM/WS-317,Carn nam Bad,-4.65923,57.36762,1
GM/WS-318,Beinn Conchra,-5.50908,57.30404,1
GM/WS-319,Auchtertyre Hill,-5.59945,57.29951,1
GM/WS-320,Sgurr Bhuidhe,-5.74997,56.9861,1
GM/WS-321,Seana Mheallan,-5.46207,57.53862,1
GM/WS-322,Beinn a'Chaisil,-5.61411,56.56859,1
GM/WS-323,Meall nan Con,-6.08321,56.73785,1
GM/WS-324,Meall an Doirein,-5.59631,57.71734,1
GM/WS-325,Beinn a'Mheadhoin,-5.45696,57.30247,1
GM/WS-326,Beinn a'Chaoinich,-5.54507,57.20617,1
GM/WS-327,Creag Mhor,-5.48489,57.32657,1
GM/WS-328,Meall Lochan a'Chleirich,-5.57102,57.68394,1
GM/WS-329,Bad a'Chreamha,-5.56449,57.36969,1
GM/WS-331,An Sgurr,-5.5674,57.38845,1
GM/WS-332,Meall Innis an Loichel,-4.99085,57.40543,1
GM/WS-333,Carn Faire nan Con,-4.68592,57.59406,1
GM/WS-335,Beinn na Seilg,-6.15358,56.69999,1
GM/WS-336,Beinn Lora,-5.38083,56.48568,1
GM/WS-337,An Cuaidh,-5.76664,57.83563,1
GM/WS-338,Cruach Doir'an Raoigh,-5.7195,56.87946,1
GM/WS-339,Druim na h-Earba,-5.12843,56.79408,1
GM/WS-340,Beinn a'Bhaillidh,-5.85199,56.7994,1
GM/WS-341,Ardsheal Hill,-5.27278,56.66032,1
GM/WS-342,Torr Achilty,-4.59642,57.55913,1
GM/WS-343,Beinn Bhreac,-5.79661,56.77738,1
GM/WS-345,Sgurr na Dubh-chreige,-5.80192,56.97737,1
GM/WS-346,Airds Hill,-5.37631,56.55885,1
GM/WS-347,Cruachan Charna,-5.88816,56.66178,1
GM/WS-348,Buidhe Bheinn,-5.36645,57.12713,4
GM/WS-349,Glas Bheinn,-5.61206,57.24331,1
GM/WS-350,Sithean Mor [Sidhean Mor],-5.63374,57.70364,1
GM/WS-351,Na Maoilean,-5.28974,56.48336,1
GU/GU-001,Le Moulin (Sark),-2.3624,49.4312,1
GU/GU-002,Guernsey Airport,-2.5977,49.4309,1
GW/MW-001,Plynlimon-Pen Pumlumon Fawr,-3.78305,52.46696,6
GW/MW-002,Great Rhos - Rhos Fawr,-3.19984,52.26714,4
GW/MW-003,Drygarn Fawr,-3.66571,52.21214,4
GW/MW-004,Pen y Garn,-3.76651,52.37912,4
GW/MW-005,Llan Ddu Fawr - Waun Claerddu,-3.77563,52.31856,2
GW/MW-006,Pegwn Mawr,-3.43673,52.42044,2
GW/MW-007,Banc Llechwedd-mawr,-3.80513,52.49269,2
GW/MW-008,Drosgol,-3.82768,52.47453,2
GW/MW-009,Beacon Hill - Mynydd Disglair,-3.2114,52.38298,2
GW/MW-010,Gwaunceste Hill,-3.23288,52.19173,2
GW/MW-011,Foel Cwmcerwyn,-4.77457,51.94617,2
GW/MW-012,Carnedd Wen,-3.59282,52.67625,2
GW/MW-013,Corndon Hill,-3.02529,52.5657,2
GW/MW-014,Garreg Lwyd,-3.55443,52.34779,1
GW/MW-015,Bryn Amlwg,-3.59236,52.5632,1
GW/MW-016,Pen y Garn-goch,-3.63093,52.13955,1
GW/MW-017,Garreg-hir,-3.47883,52.56984,1
GW/MW-018,Bryn y Fan,-3.57529,52.48389,1
GW/MW-019,Gwastedyn Hill,-3.48672,52.28409,1
GW/MW-020,Esgair Ddu,-3.66818,52.68172,1
GW/MW-021,Mynydd Mallaen - Crugiau Merched,-3.86667,52.09337,1
GW/MW-022,Aberedw Hill,-3.33946,52.14766,1
GW/MW-023,Carneddau,-3.36192,52.18716,1
GW/MW-024,Rhiw Gwraidd,-3.44303,52.26024,1
GW/MW-025,The Begwns,-3.2348,52.09156,1
GW/MW-026,Long Mountain-Beacon Ring,-3.08813,52.64515,1
GW/MW-027,Moel y Golfa,-3.05116,52.70578,1
GW/MW-028,Frenni Fawr,-4.61827,51.98352,1
GW/MW-029,Hafod Ithel,-4.03855,52.29069,1
GW/MW-030,Stingwern Hill,-3.28187,52.60395,1
GW/MW-031,Caeliber Isaf,-3.16364,52.53286,1
GW/MW-032,Upper Park,-3.19879,52.63911,1
GW/MW-033,Mynydd Carningli,-4.82402,51.99959,1
GW/MW-034,Mynydd Cynros,-4.00973,51.97547,1
GW/MW-035,Rhos Ymryson,-4.25062,52.12693,1
GW/MW-036,Pen-crug-melyn,-4.17936,51.93484,1
GW/MW-037,Brandy Hill,-4.5919,51.79048,1
GW/MW-038,Disgwylfa Fawr,-3.85931,52.44599,2
GW/MW-039,Cefn Cenarth,-3.51585,52.37469,1
GW/MW-040,Carn Gafallt,-3.55475,52.26971,1
GW/NW-001,Snowdon - Yr Wyddfa,-4.07623,53.0685,10
GW/NW-002,Carnedd Llewelyn,-3.97033,53.16017,10
GW/NW-003,Glyder Fawr,-4.02916,53.10147,10
GW/NW-004,Y Garn,-4.04708,53.11569,8
GW/NW-005,Elidir Fawr,-4.07643,53.13065,8
GW/NW-006,Tryfan,-3.99749,53.1149,8
GW/NW-007,Aran Fawddwy,-3.68786,52.78702,8
GW/NW-008,Y Lliwedd,-4.05705,53.05948,8
GW/NW-009,Cadair Idris - Penygadair,-3.90878,52.69962,8
GW/NW-010,Moel Siabod,-3.93407,53.07318,8
GW/NW-011,Arenig Fawr,-3.74594,52.91711,8
GW/NW-012,Cadair Berwyn,-3.38099,52.8806,8
GW/NW-013,Pen Llithrig y Wrach,-3.92075,53.14226,6
GW/NW-014,Moel Hebog,-4.1396,53.00069,6
GW/NW-015,Glasgwm,-3.72528,52.76015,6
GW/NW-016,Moelwyn Mawr,-4.00014,52.98425,6
GW/NW-017,Y Llethr,-3.98763,52.81285,6
GW/NW-018,Moel Llyfnant,-3.77318,52.90085,6
GW/NW-019,Yr Aran,-4.08318,53.04277,6
GW/NW-020,Craig Cwm Silyn,-4.20007,53.0293,6
GW/NW-021,Rhobell Fawr,-3.80155,52.81484,6
GW/NW-022,Moel Eilio,-4.15839,53.09705,6
GW/NW-023,Rhinog Fawr,-3.99544,52.84181,6
GW/NW-024,Trum y Ddysgl,-4.17197,53.04221,6
GW/NW-025,Allt-fawr,-3.96623,53.00819,4
GW/NW-026,Mynydd Mawr,-4.18098,53.06946,4
GW/NW-027,Arenig Fach,-3.75771,52.95869,4
GW/NW-028,Creigiau Gleision,-3.90136,53.1358,4
GW/NW-029,Maesglase,-3.75249,52.72,4
GW/NW-030,Moel Cynghorion,-4.1126,53.08598,4
GW/NW-031,Esgeiriau Gwynion,-3.64889,52.79866,4
GW/NW-032,Carnedd y Filiast,-3.68302,52.98678,4
GW/NW-033,Tarren y Gesail,-3.90713,52.6354,4
GW/NW-034,Foel Cedig,-3.51331,52.84282,4
GW/NW-035,Manod Mawr,-3.90156,52.9841,4
GW/NW-036,Tarrenhendre,-3.94712,52.61913,4
GW/NW-037,Y Garn,-3.92517,52.78918,4
GW/NW-038,Moel Ysgyfarnogod,-3.99559,52.89199,4
GW/NW-039,Foel Goch,-3.55923,52.96776,4
GW/NW-040,Tal y Fan,-3.90524,53.23563,4
GW/NW-041,Moelfre,-4.03924,52.80132,2
GW/NW-042,Moel y Gamelin,-3.22904,53.00961,2
GW/NW-043,Cyrn-y-Brain,-3.18216,53.03135,2
GW/NW-044,Moel Famau,-3.25578,53.15456,2
GW/NW-045,Moel-ddu,-4.11685,52.97637,2
GW/NW-046,Rhialgwm,-3.40255,52.77984,2
GW/NW-047,Mwdwl-eithin,-3.61779,53.07274,2
GW/NW-048,Mynydd Nodol,-3.69017,52.93945,2
GW/NW-049,Gyrn Moelfre,-3.21266,52.85577,2
GW/NW-050,Gyrn Ddu,-4.3837,52.99448,2
GW/NW-051,Foel Fenlli,-3.24971,53.13131,2
GW/NW-052,Craig Goch - Mynydd Cwmcelli,-3.76945,52.67408,1
GW/NW-053,Moel Gyw,-3.23907,53.10864,1
GW/NW-054,Penycloddiau,-3.30815,53.2009,1
GW/NW-055,Foel Offrwm,-3.85457,52.77198,1
GW/NW-056,Moel y Dyniewyd,-4.0692,53.00892,1
GW/NW-057,Foel Cae'rberllan,-3.95839,52.65541,1
GW/NW-058,Carn Fadryn,-4.55985,52.88649,1
GW/NW-059,Allt y Main,-3.24216,52.72745,1
GW/NW-060,Mynydd-y-briw,-3.22729,52.82582,1
GW/NW-061,Y Golfa,-3.20997,52.65535,1
GW/NW-062,Hope Mountain,-3.05485,53.10455,1
GW/NW-063,Ffridd Cocyn,-4.03317,52.61892,1
GW/NW-064,Mynydd Rhiw,-4.63121,52.83283,1
GW/NW-065,Gamallt,-3.97373,52.64214,1
GW/NW-066,Garn Boduan,-4.5124,52.92496,1
GW/NW-067,Moel-y-Gest,-4.15968,52.92778,1
GW/NW-068,Carneddol,-4.52536,52.86847,1
GW/NW-069,Holyhead Mountain - Mynydd Twr,-4.67557,53.31341,1
GW/NW-070,Great Orme - Y Gogarth,-3.85228,53.33254,1
GW/NW-071,Mynydd Bodafon - Yr Arwydd,-4.29602,53.34356,1
GW/NW-072,Mynydd Enlli,-4.78311,52.76231,1
GW/NW-073,Mynydd Rhyd Ddu,-3.41086,53.01861,1
GW/NW-074,Moel Fynydd - Craig y Castell,-3.92978,52.72773,1
GW/NW-075,Yr Eifl,-4.43659,52.97505,2
GW/NW-076,Mynydd y Cwm - Coed Cwm,-3.3917,53.27945,1
GW/NW-077,Mynydd Anelog,-4.74344,52.81077,1
GW/NW-078,Rhinog Fach,-3.98295,52.82417,6
GW/SW-001,Pen y Fan,-3.43676,51.88403,8
GW/SW-002,Waun Fach,-3.14319,51.96279,8
GW/SW-003,Fan Brycheiniog - Twr y Fan Foel,-3.70956,51.88467,8
GW/SW-004,Waun Rydd,-3.36383,51.87646,6
GW/SW-005,Fan Fawr,-3.49741,51.86332,6
GW/SW-006,Fan Gyhirych,-3.62699,51.8594,6
GW/SW-007,Fan Nedd,-3.57919,51.85366,4
GW/SW-008,Cefn yr Ystrad,-3.32594,51.81474,4
GW/SW-009,Mynydd Troed,-3.21554,51.9553,4
GW/SW-010,Craig y Llyn,-3.58377,51.71642,4
GW/SW-011,Sugar Loaf - Y Fal,-3.05787,51.86271,2
GW/SW-012,Coety Mountain - Mynydd Coety,-3.11489,51.76531,2
GW/SW-013,Tor y Foel,-3.28738,51.86697,2
GW/SW-014,Mynydd Carn-y-cefn,-3.17933,51.76923,2
GW/SW-015,Mynydd Llangorse,-3.22409,51.93244,2
GW/SW-016,Ysgyryd Fawr,-2.97261,51.85907,1
GW/SW-017,Hirfynydd,-3.68002,51.75456,1
GW/SW-018,Mynydd Epynt,-3.51813,52.10641,1
GW/SW-019,Mynydd Maen - Mynydd Twyn-glas,-3.07158,51.67448,1
GW/SW-020,Graig Syfyrddin - Edmund's Tump,-2.86747,51.88496,1
GW/SW-021,Mynydd Marchywel,-3.7846,51.71907,1
GW/SW-022,Trichrug,-3.89205,51.88964,1
GW/SW-023,Allt yr Esgair,-3.27181,51.91086,1
GW/SW-024,Mynydd y Lan,-3.14402,51.6243,1
GW/SW-025,Cefn Eglwysilan,-3.30521,51.60612,1
GW/SW-026,Bryn Arw,-3.01609,51.88046,1
GW/SW-027,Mynydd y Glyn,-3.39907,51.59727,1
GW/SW-028,Mynydd y Betws,-3.93651,51.76805,1
GW/SW-029,Foel Fynyddau,-3.75986,51.62802,1
GW/SW-030,Mynydd Machen,-3.12216,51.60358,1
GW/SW-031,Mynydd Uchaf,-3.86305,51.77667,1
GW/SW-032,Mynydd Allt-y-grug,-3.80773,51.75798,1
GW/SW-033,Wentwood,-2.85218,51.64448,1
GW/SW-034,Garth Hill - Mynydd y Garth,-3.29433,51.54325,1
GW/SW-035,Myarth,-3.20578,51.87991,1
GW/SW-036,Mynydd Sylen,-4.15221,51.75105,1
GW/SW-037,Craig yr Allt,-3.25158,51.55774,1
GW/SW-038,Mynydd Drumau,-3.84576,51.68583,1
GW/SW-039,Mynydd Llangyndeyrn,-4.20224,51.79742,1
GW/SW-040,Mynydd Dinas,-3.79004,51.60894,1
GW/SW-041,Black Mountain,-3.08659,52.01188,6
GM/ES-001,Ben Macdui,-3.6691,57.07037,10
GM/ES-002,Braeriach,-3.72837,57.07831,10
GM/ES-003,Cairn Toul,-3.71077,57.05441,10
GM/ES-004,Beinn a'Bhuird - North Top,-3.49937,57.08759,10
GM/ES-005,Beinn Mheadhoin,-3.61146,57.09585,10
GM/ES-006,Ben Avon - Leabaidh an Daimh Bhuidhe,-3.43444,57.09935,10
GM/ES-007,Beinn Bhrotain,-3.7238,57.00987,10
GM/ES-008,Lochnagar - Cac Carn Beag,-3.24526,56.96027,10
GM/ES-009,Sgor Gaoith,-3.81086,57.06856,10
GM/ES-010,Bynack More,-3.58472,57.13822,8
GM/ES-011,Beinn a'Chaorainn,-3.57743,57.09327,8
GM/ES-012,Glas Maol,-3.36824,56.87306,8
GM/ES-013,Carn a'Mhaim,-3.65838,57.03687,8
GM/ES-014,Mount Keen,-2.97362,56.96975,6
GM/ES-015,Culardoch,-3.33187,57.07336,6
GM/ES-016,Ben Tirran,-3.02917,56.8587,4
GM/ES-017,Creag Mhor,-3.55842,57.12426,4
GM/ES-018,Morven,-3.03088,57.12264,4
GM/ES-019,Conachcraig,-3.18655,56.96428,4
GM/ES-021,Ben Rinnes,-3.2415,57.40328,4
GM/ES-022,Creag nan Gabhar,-3.39101,56.94051,4
GM/ES-023,Brown Cow Hill,-3.28823,57.12439,4
GM/ES-024,Geal Charn,-3.50674,57.19601,4
GM/ES-025,Carn na Drochaide,-3.43916,57.02742,4
GM/ES-026,Sgor Mor,-3.63595,57.00329,4
GM/ES-027,Meall a'Bhuachaille,-3.6711,57.18354,4
GM/ES-028,Monamenach,-3.35155,56.82019,4
GM/ES-029,Carn Mor,-3.21848,57.24988,4
GM/ES-030,Carn Ealasaid,-3.27952,57.19025,4
GM/ES-031,Corryhabbie Hill,-3.19641,57.34462,4
GM/ES-032,Mount Battock,-2.74196,56.94926,4
GM/ES-033,Cook's Cairn,-3.16065,57.33566,4
GM/ES-034,Mona Gowan,-3.09886,57.13856,4
GM/ES-035,Mount Blair,-3.3631,56.75087,4
GM/ES-036,Geallaig Hill,-3.15951,57.06928,4
GM/ES-037,Badandun Hill,-3.29917,56.79569,4
GM/ES-038,Creagan a'Chaise,-3.48823,57.29911,4
GM/ES-039,The Buck,-2.97705,57.29734,4
GM/ES-040,Cnap Chaochan Aitinn,-3.4144,57.17253,4
GM/ES-041,Carn a'Ghille Chearr,-3.43144,57.35104,4
GM/ES-042,Hunt Hill,-3.01978,56.91195,4
GM/ES-043,Mealna Letter (Duchray Hill),-3.37416,56.78926,4
GM/ES-044,Cat Law,-3.11498,56.7363,2
GM/ES-045,Hill of Wirren,-2.78401,56.85438,2
GM/ES-046,Creag Bhalg,-3.49688,57.00331,2
GM/ES-047,Pressendye,-2.84425,57.16879,2
GM/ES-048,Corwharn,-3.16552,56.77205,2
GM/ES-049,Ladylea Hill,-3.09004,57.23718,2
GM/ES-050,The Coyles of Muick,-3.10684,57.0056,2
GM/ES-051,Meikle Conval,-3.18185,57.41891,2
GM/ES-052,Carn Daimh,-3.36023,57.30795,2
GM/ES-053,Ben Newe,-3.02528,57.21534,2
GM/ES-054,Tap o'Noth,-2.85901,57.35152,2
GM/ES-055,Meall Alvie,-3.31294,57.01175,2
GM/ES-056,Crock,-3.26706,56.75444,2
GM/ES-057,Little Conval,-3.1774,57.43807,2
GM/ES-058,Meall Mor,-3.35258,56.72652,2
GM/ES-059,Kerloch,-2.50091,56.98117,2
GM/ES-060,Coiliochbhar Hill,-2.82401,57.23506,2
GM/ES-061,Bennachie - Oxen Craig,-2.56109,57.29275,2
GM/ES-062,Lord Arthur's Hill,-2.80841,57.26625,2
GM/ES-063,Hare Cairn,-3.2408,56.74656,2
GM/ES-064,Creigh Hill,-3.1931,56.72022,1
GM/ES-065,Benaquhallie,-2.65245,57.16744,1
GM/ES-066,The Bochel,-3.27511,57.29343,1
GM/ES-067,Creag Ghiubhais,-3.13478,57.04513,1
GM/ES-068,Craiglich,-2.7731,57.13737,1
GM/ES-069,Ben Aigan,-3.15404,57.51824,1
GM/ES-070,Hill of Fare,-2.54354,57.11613,1
GM/ES-071,Hill of Foudland,-2.66175,57.38778,1
GM/ES-072,Cairn William,-2.57128,57.24076,1
GM/ES-073,Knock Hill,-2.77584,57.58404,1
GM/ES-074,Ord Ban,-3.83372,57.1542,1
GM/ES-075,Strathfinella Hill,-2.50554,56.89896,1
GM/ES-076,Mile Hill,-3.1262,56.70091,1
GM/ES-077,Millstone Hill,-2.5377,57.2718,1
GM/ES-078,Craigendarroch,-3.04758,57.05546,1
GM/ES-079,Hill of Tillymorgan,-2.58015,57.40237,1
GM/ES-080,Cairn-mon-earn,-2.35962,57.01796,1
GM/ES-081,Knockan,-3.08466,57.50385,1
GM/ES-082,Meikle Balloch Hill,-2.88495,57.53267,1
GM/ES-083,Fourman Hill,-2.71763,57.50046,1
GM/ES-084,Bin of Cullen,-2.87344,57.66528,1
GM/ES-085,Hill of Garvock,-2.44934,56.81336,1
GM/ES-086,Brimmond Hill,-2.23957,57.17303,1
GM/ES-087,Waughton Hill,-2.06261,57.60519,1
GM/ES-088,Creag an Dail Bheag,-3.39129,57.06672,4
